Symbol,Name,Date,Price,Close,MA5,MA20,Price/MA20,Price/MA5,PBR,ROE,PER,EPS,BPS,DIV,DPS,Momentum,Score
278470,에이피알,2026-06-18,387500.0,387500.0,401100.0,398500.0,0.972396486825596,0.9660932435801546,32.33,65.19731318219984,49.58,7765.0,11910.0,1.32,5090.0,0.9822657328482182,0.8285352594520872
002960,한국쉘석유,2026-06-18,497000.0,497000.0,500400.0,501975.0,0.9900891478659296,0.9932054356514788,4.61,34.35922608848672,13.41,37098.0,107971.0,7.24,36000.0,0.9946682188090854,0.6811504640346979
071970,HD현대마린엔진,2026-06-18,69400.0,69400.0,70740.0,70160.0,0.9891676168757126,0.9810573932711337,4.83,33.76812599736349,14.3,4867.0,14413.0,0.0,0.0,0.9919411634427258,0.6707347123915721
326030,에스케이바이오팜,2026-06-18,88800.0,88800.0,89200.0,90465.0,0.9815950920245399,0.9955156950672646,8.51,32.83567713350029,25.93,3409.0,10382.0,0.0,0.0,0.9917160936556243,0.6647418651683161
082740,한화엔진,2026-06-18,59400.0,59400.0,59480.0,61830.0,0.9606986899563319,0.9986550100874243,9.03,31.06810681068107,29.07,2071.0,6666.0,0.0,0.0,0.9839900301507887,0.6346930890769702
439260,대한조선,2026-06-18,63100.0,63100.0,63780.0,63750.0,0.9898039215686274,0.9893383505801192,2.23,25.79530225012344,8.65,7314.0,28354.0,0.39,250.0,0.9937912456421892,0.6291572498288203
005690,파미셀,2026-06-18,13960.0,13960.0,14550.0,14609.5,0.9555426263732503,0.9594501718213059,6.8,32.509689922480625,20.92,671.0,2064.0,0.36,50.0,0.9740410261223191,0.617594947263049
094280,효성 ITX,2026-06-18,12210.0,12210.0,12260.0,12233.0,0.9981198397776506,0.9959216965742251,1.94,20.59289790741915,9.4,1299.0,6308.0,6.14,750.0,0.9984358757880731,0.6108280248464134
003230,삼양식품,2026-06-18,1111000.0,1111000.0,1136600.0,1182700.0,0.9393760040585102,0.9774766848495513,6.65,31.2967296729673,21.26,52156.0,166650.0,0.43,4800.0,0.970894567602045,0.6024930116862595
003080,SB성보,2026-06-18,2240.0,2240.0,2247.0,2295.5,0.9758222609453279,0.9968847352024922,0.29,22.427642483743465,1.27,1759.0,7843.0,9.15,205.0,0.9896795233258081,0.5990672924721926
062040,산일전기,2026-06-18,236500.0,236500.0,244800.0,242900.0,0.9736517085220255,0.9660947712418301,12.22,25.43463594374384,48.05,4901.0,19269.0,0.53,1250.0,0.9827857223581075,0.5988848318171931
090080,평화산업,2026-06-18,870.0,870.0,885.8,901.0,0.9655937846836848,0.982163016482276,0.77,25.265017667844525,3.03,286.0,1132.0,0.0,0.0,0.982549752175714,0.5972953662054672
010770,평화홀딩스,2026-06-18,4200.0,4200.0,4232.0,4443.5,0.9452008551817261,0.9924385633270322,0.48,27.26451321436639,1.75,2414.0,8854.0,3.55,150.0,0.9764240921989874,0.5932270029063809
019180,티에이치엔,2026-06-18,7080.0,7080.0,7300.0,7553.0,0.9373758771349133,0.9698630136986301,0.57,30.56156372666827,1.86,3815.0,12483.0,1.69,120.0,0.9685191586759503,0.5921406961937226
021240,코웨이,2026-06-18,91150.0,91150.0,90890.0,91687.5,0.9941376959781868,1.0028606007261525,1.79,16.900029374326838,10.58,8630.0,51065.0,2.14,1957.0,0.9982371511650712,0.5888673260914703
007660,이수페타시스,2026-06-18,121000.0,121000.0,121860.0,125075.0,0.9674195482710374,0.9929427211554243,11.77,22.133696074621064,53.16,2278.0,10292.0,0.19,230.0,0.9854838017917955,0.5866175015483078
002380,케이씨씨,2026-06-18,527000.0,527000.0,539600.0,534500.0,0.9859681945743686,0.9766493699036323,0.49,19.662635156473225,2.51,209201.0,1063952.0,2.86,15000.0,0.9898062730179511,0.5833298556562091
003350,한국화장품제조,2026-06-18,8070.0,8070.0,8224.0,8526.0,0.9465165376495426,0.9812743190661478,1.4,26.142659279778393,5.35,1510.0,5776.0,0.74,60.0,0.9745961654486026,0.5820301252016868
100840,SNT에너지,2026-06-18,35600.0,35600.0,36030.0,37097.5,0.9596333984769864,0.9880655009714127,1.93,23.133600606782966,8.36,4270.0,18458.0,3.22,1150.0,0.9813290909999917,0.5817887016911398
192820,코스맥스,2026-06-18,164800.0,164800.0,167600.0,170470.0,0.9667390156625799,0.9832935560859188,3.34,22.04854053175055,15.17,10847.0,49196.0,2.01,3300.0,0.9832418108968144,0.5803826908685532
036580,팜스코,2026-06-18,2545.0,2545.0,2591.0,2600.5,0.9786579503941549,0.9822462369741413,0.43,19.756633429102585,2.18,1169.0,5917.0,1.96,50.0,0.9878864847339944,0.5789606824366107
004920,씨아이테크,2026-06-18,1005.0,1005.0,1064.4,1015.8,0.9893679858239811,0.9441939120631341,0.71,20.669992872416252,3.44,290.0,1403.0,0.0,0.0,0.9856539727547146,0.5785505230570389
031440,신세계푸드,2026-06-18,43050.0,43050.0,44070.0,44210.0,0.9737615923999096,0.9768550034036759,0.44,20.30061517015667,2.15,20097.0,98997.0,2.09,900.0,0.9848463202959943,0.5743369821262694
086280,현대글로비스,2026-06-18,214500.0,214500.0,216300.0,217950.0,0.9841706813489333,0.9916782246879334,1.56,16.749507303501044,9.32,23117.0,138016.0,2.69,5800.0,0.9919787173316864,0.571969551832202
069620,대웅제약,2026-06-18,121500.0,121500.0,121600.0,125925.0,0.9648600357355569,0.9991776315789473,1.39,19.46728576493327,7.15,17022.0,87439.0,0.49,600.0,0.985768242636072,0.5718565503884603
030190,NICE평가정보,2026-06-18,14190.0,14190.0,14506.0,14333.0,0.990023023791251,0.9782159106576589,1.79,16.605724372714665,10.77,1317.0,7931.0,3.59,510.0,0.991757565650857,0.5705681035979755
007340,DN오토모티브,2026-06-18,42750.0,42750.0,43330.0,42812.5,0.9985401459854014,0.9866143549503807,1.1,14.027849406910779,7.85,5440.0,38780.0,2.34,1000.0,0.9968036494665788,0.5685126302411061
023450,동남합성,2026-06-18,28900.0,28900.0,28920.0,28927.5,0.9990493475066978,0.9993084370677732,1.78,12.628070608566844,14.13,2046.0,16202.0,3.2,925.0,0.99948135469594,0.5672369979383783
134380,미원화학,2026-06-18,10290.0,10290.0,10228.0,10437.0,0.9859154929577465,1.0060617911615175,1.16,13.87796381615912,8.33,1235.0,8899.0,4.37,450.0,0.9956271101477105,0.5646296645300023
010140,삼성중공업,2026-06-18,27800.0,27800.0,28080.0,27855.0,0.9980254891401903,0.99002849002849,5.75,13.156269302038295,43.74,639.0,4857.0,0.0,0.0,0.9972481117876918,0.5645875649047226
136490,선진,2026-06-18,9340.0,9340.0,9500.0,9776.0,0.9554009819967266,0.9831578947368421,0.4,21.125095024917645,1.88,5002.0,23678.0,2.13,200.0,0.978601774485313,0.5631385601680859
030720,동원수산,2026-06-18,5930.0,5930.0,6030.0,5969.5,0.9933830304045564,0.9834162520729685,0.49,13.735039207593891,3.57,1664.0,12115.0,0.0,0.0,0.9941036921098503,0.5598990259633279
001560,제일연마,2026-06-18,9910.0,9910.0,10086.0,9914.0,0.9995965301593706,0.982550069403133,0.61,12.474799926690695,4.85,2042.0,16369.0,7.28,721.0,0.9964697229007058,0.5586360037915767
013700,까뮤이앤씨,2026-06-18,1170.0,1170.0,1170.8,1218.05,0.9605517014900866,0.9993167065254527,0.63,17.862838915470494,3.51,336.0,1881.0,2.54,30.0,0.9840734195065857,0.5581970696363334
004800,효성,2026-06-18,191100.0,191100.0,191780.0,193670.0,0.98673000464708,0.9964542705183023,1.31,13.500903070439493,9.68,19734.0,146168.0,2.62,5000.0,0.99396901503985,0.5581941150083669
071320,지역난방공사,2026-06-18,70000.0,70000.0,72100.0,70420.0,0.9940357852882704,0.970873786407767,0.35,14.138517422847425,2.49,28102.0,198762.0,8.81,6157.0,0.9920670153834277,0.5570283564951601
003090,대웅,2026-06-18,18180.0,18180.0,18402.0,18561.5,0.9794467041995528,0.9879360939028367,0.64,15.085295361624137,4.26,4280.0,28372.0,1.1,200.0,0.989324434134445,0.5555064014585778
079900,전진건설로봇,2026-06-18,54400.0,54400.0,57500.0,56127.5,0.9692218609416061,0.9460869565217391,5.13,20.297168488926268,25.28,2172.0,10701.0,2.53,1389.0,0.9774334754140902,0.5553379459010206
069730,DSR제강,2026-06-18,5170.0,5170.0,5256.0,5217.5,0.9908960229995208,0.9836377473363774,0.4,13.123419903470468,3.02,1713.0,13053.0,8.32,430.0,0.9931342535767187,0.5538640825137314
010120,엘에스일렉트릭,2026-06-18,243000.0,243000.0,247100.0,246450.0,0.9860012172854534,0.9834075273168758,17.56,13.857758620689657,126.75,1929.0,13920.0,0.25,600.0,0.9910994971164391,0.5529203011156961
058860,KTis,2026-06-18,2585.0,2585.0,2642.0,2637.0,0.9802806219188471,0.9784254352763059,0.33,15.228816818356622,2.19,1188.0,7801.0,5.38,140.0,0.9878136987842894,0.5524722019931779
007980,TP,2026-06-18,1785.0,1785.0,1822.0,1802.9,0.990071551389428,0.9796926454445664,0.29,13.286826735885787,2.2,819.0,6164.0,4.16,75.0,0.9920532044390732,0.5520455176328977
028050,삼성E&A,2026-06-18,49800.0,49800.0,51740.0,50080.0,0.994408945686901,0.9625048318515655,2.06,13.023525034109232,15.83,3150.0,24187.0,1.58,790.0,0.9907616850534313,0.547209334678219
033780,케이티앤지,2026-06-18,182200.0,182200.0,186140.0,183230.0,0.9943786497844239,0.9788331363489846,2.04,11.430616604592378,17.82,10220.0,89409.0,3.29,6000.0,0.9936525533151486,0.5453575692648615
017960,한국카본,2026-06-18,32100.0,32100.0,33440.0,33175.0,0.9675960813865863,0.9599282296650717,2.8,17.73591457591805,15.79,2043.0,11519.0,0.99,320.0,0.9791521148902262,0.5448598100908085
005850,에스엘,2026-06-18,70000.0,70000.0,72580.0,70335.0,0.9952370796900547,0.9644530173601543,1.27,12.17725493026361,10.43,6749.0,55423.0,3.93,2770.0,0.9914392803812593,0.5440281828992009
000540,흥국화재,2026-06-18,3565.0,3565.0,3671.0,3661.0,0.9737776563780388,0.9711250340506674,0.28,15.511602554119296,1.79,1992.0,12842.0,0.0,0.0,0.9837676180813155,0.5437557768506228
453340,현대그린푸드,2026-06-18,17140.0,17140.0,17498.0,17311.5,0.990093290587182,0.9795405189164476,0.76,11.831839864473274,6.44,2654.0,22431.0,3.95,676.0,0.9920335855317707,0.5435432557448627
284740,쿠쿠홈시스,2026-06-18,22200.0,22200.0,22550.0,22395.0,0.9912926992632284,0.9844789356984479,0.46,11.018543402311206,4.17,5330.0,48373.0,5.41,1200.0,0.9934558365251192,0.5424601807730668
015360,INVENI,2026-06-18,14830.0,14830.0,15162.0,15171.0,0.9775229055434711,0.9781031526183881,0.51,13.766421349473829,3.71,4003.0,29078.0,7.27,1080.0,0.9866245967321956,0.5409326903661908
083420,그린케미칼,2026-06-18,4815.0,4815.0,4810.0,4816.0,0.9997923588039868,1.001039501039501,0.9,7.747005988023951,11.59,414.0,5344.0,5.0,240.0,1.0001253617532688,0.5405316928317541
109070,주성코퍼레이션,2026-06-18,1550.0,1550.0,1534.6,1552.9,0.9981325262412261,1.01003518832269,2.82,7.116788321167883,39.59,39.0,548.0,0.0,0.0,1.001307351643881,0.5398969867224055
000910,유니온,2026-06-18,3130.0,3130.0,3178.0,3371.5,0.9283701616491176,0.9848961611076148,0.45,21.65918633270595,2.09,1496.0,6907.0,3.99,125.0,0.9679805559260252,0.5390477277983504
036530,SNT홀딩스,2026-06-18,50700.0,50700.0,51640.0,50880.0,0.9964622641509434,0.9817970565453137,0.55,9.645273556559522,5.68,8924.0,92522.0,5.92,3000.0,0.9950530766944837,0.5385722379790285
015230,대창단조,2026-06-18,6160.0,6160.0,6226.0,6180.0,0.9967637540453075,0.9893992932862191,0.48,8.91769483054818,5.39,1142.0,12806.0,2.93,180.0,0.9966169222500486,0.5383496209028231
001620,케이비아이동국실업,2026-06-18,2430.0,2430.0,2448.0,2484.75,0.9779655900996076,0.9926470588235294,0.2,11.961115807269653,1.7,1415.0,11830.0,0.0,0.0,0.989672147156478,0.5382482596010586
000950,전방,2026-06-18,26350.0,26350.0,26850.0,26972.5,0.9769209379923997,0.9813780260707635,0.13,13.102864498549971,1.0,26160.0,199651.0,3.81,1000.0,0.9870101505205747,0.5380652112034354
016360,삼성증권,2026-06-18,118600.0,118600.0,121680.0,120605.0,0.983375481945193,0.9746877054569362,1.31,12.483950945233985,10.51,11279.0,90348.0,3.38,4000.0,0.9883779812609783,0.5379719768045224
012630,HDC,2026-06-18,21100.0,21100.0,21540.0,21260.5,0.9924507890218951,0.9795728876508821,0.36,10.265057790733145,3.48,6057.0,59006.0,2.13,450.0,0.9930023107048728,0.5369220195584135
030200,케이티,2026-06-18,54400.0,54400.0,55300.0,54765.0,0.993335159317082,0.9837251356238698,0.74,9.721292895085416,7.65,7119.0,73231.0,4.41,2400.0,0.9941426865966353,0.5366829745729222
026960,동서,2026-06-18,24850.0,24850.0,25380.0,24885.0,0.9985935302390999,0.9791174152876281,1.42,8.411643364657346,16.86,1468.0,17452.0,4.61,1140.0,0.9954270495342405,0.5323635470842192
103590,일진전기,2026-06-18,85050.0,85050.0,86430.0,90057.5,0.9443966354828859,0.9840333217632766,6.97,17.648011662752086,39.51,2179.0,12347.0,0.58,500.0,0.9743080645678347,0.5319470195693381
034590,인천도시가스,2026-06-18,26050.0,26050.0,26370.0,26155.0,0.9959854712292104,0.9878649981039059,0.45,8.049857179953259,5.61,4650.0,57765.0,5.27,1375.0,0.996007089093657,0.5317469959374234
033270,유나이티드,2026-06-18,18300.0,18300.0,18536.0,18481.5,0.9901793685577469,0.9872680189900733,0.64,9.119452972369523,7.01,2614.0,28664.0,3.33,610.0,0.9935403693303586,0.5316447756449973
008930,한미사이언스,2026-06-18,30300.0,30300.0,30600.0,31297.5,0.9681284447639588,0.9901960784313726,2.13,12.305526223160859,17.33,1748.0,14205.0,0.99,300.0,0.9852031970228782,0.5288071454442245
003780,진양산업,2026-06-18,5090.0,5090.0,5290.0,5133.25,0.9915745385477037,0.9621928166351607,0.98,10.340821068938807,9.46,534.0,5164.0,7.09,358.0,0.9895301739824601,0.5284724607197062
037270,YG PLUS,2026-06-18,3770.0,3770.0,3877.0,3853.25,0.9783948614805683,0.9724013412432293,1.28,11.9136010799865,10.72,353.0,2963.0,0.79,30.0,0.9859062559883952,0.528330481869365
004960,한신공영,2026-06-18,11260.0,11260.0,11276.0,11349.5,0.9921141900524252,0.9985810571124513,0.16,7.15668916675888,2.17,5174.0,72296.0,1.34,150.0,0.9965582117818987,0.5279696074565997
111770,영원무역,2026-06-18,78800.0,78800.0,80980.0,80675.0,0.9767585993182523,0.9730797727834033,0.82,12.020300767518773,6.81,11558.0,96154.0,2.67,2100.0,0.9853601041410677,0.5275519955431974
035250,강원랜드,2026-06-18,15300.0,15300.0,15742.0,15308.0,0.9994773974392475,0.9719222462203023,0.77,7.922987752633436,9.71,1572.0,19841.0,6.22,950.0,0.9944938233005117,0.5271356147289405
107590,미원홀딩스,2026-06-18,56000.0,56000.0,56620.0,56840.0,0.9852216748768473,0.9890498057223596,0.45,9.03986434604556,5.01,11302.0,125024.0,1.24,700.0,0.9918816779443236,0.5269357177012768
077970,STX엔진,2026-06-18,34900.0,34900.0,35440.0,37912.5,0.9205407187603033,0.9847629796839729,4.08,20.983031012287885,19.46,1793.0,8545.0,0.0,0.0,0.9647714046913596,0.5269035855149475
011760,현대코퍼레이션,2026-06-18,25100.0,25100.0,25510.0,25935.0,0.9678041256988625,0.9839278714229713,0.44,12.52969430042829,3.48,7226.0,57671.0,2.78,700.0,0.983801874193671,0.5265215504386918
044820,코스맥스비티아이,2026-06-18,17730.0,17730.0,17916.0,18190.0,0.9747113798790544,0.9896182183523108,0.62,10.597496272150362,5.81,3056.0,28837.0,4.39,780.0,0.9877456423912655,0.5253945752812519
064960,SNT모티브,2026-06-18,30000.0,30000.0,30510.0,30082.5,0.9972575417601596,0.983284169124877,0.71,6.867447218695631,10.29,2921.0,42534.0,5.66,1700.0,0.9956548694629591,0.5239765822866138
072710,농심홀딩스,2026-06-18,90900.0,90900.0,93240.0,91730.0,0.9909517060939714,0.974903474903475,0.32,8.674159039122543,3.71,24706.0,284823.0,3.27,3000.0,0.9915266265315323,0.5239022985687732
071050,한국금융지주,2026-06-18,230500.0,230500.0,243000.0,240775.0,0.9573253037067802,0.948559670781893,1.12,16.819421686512666,6.68,34592.0,205667.0,3.76,8690.0,0.9728321995203246,0.5233550940335919
100220,비상교육,2026-06-18,5250.0,5250.0,5230.0,5445.0,0.9641873278236914,1.0038240917782026,0.32,10.659306961054892,3.0,1738.0,16305.0,4.21,220.0,0.9865001483635241,0.522564811283559
005960,동부건설,2026-06-18,6510.0,6510.0,6542.0,6671.5,0.9757925504009594,0.9951085295016815,0.27,9.305882839307122,2.88,2251.0,24189.0,4.62,300.0,0.9893007468698616,0.5218730958411745
317450,명인제약,2026-06-18,43950.0,43950.0,44240.0,45820.0,0.9591881274552597,0.9934448462929476,0.81,12.347221966953995,6.53,6718.0,54409.0,3.42,1500.0,0.9822738043274928,0.5215492687636314
004140,동방,2026-06-18,2010.0,2010.0,2035.0,2058.9,0.9762494535917237,0.9877149877149877,0.55,9.790590155017677,5.6,360.0,3677.0,1.49,30.0,0.9879857365213623,0.5213219603882785
259960,크래프톤,2026-06-18,240500.0,240500.0,239600.0,249425.0,0.9642177007116368,1.0037562604340569,1.52,10.430626255966834,14.59,16454.0,157747.0,0.93,2240.0,0.9864975169099279,0.5212296657296489
120030,조선선재,2026-06-18,89600.0,89600.0,89900.0,90060.0,0.9948922940262047,0.996662958843159,0.51,5.664245515001108,9.05,9974.0,176087.0,0.55,500.0,0.9972871379530195,0.5211662494351249
003480,한진중공업홀딩스,2026-06-18,4890.0,4890.0,4977.0,5100.25,0.9587765305622273,0.9825195901145268,0.28,13.288354356116164,2.13,2265.0,17045.0,2.49,120.0,0.9798455612350314,0.520799314745485
000320,노루홀딩스,2026-06-18,17720.0,17720.0,17836.0,17874.5,0.9913564015776665,0.9934962996187486,0.37,6.448381644024291,5.77,3090.0,47919.0,3.37,600.0,0.9952362172100586,0.5204703564392643
007590,동방아그로,2026-06-18,5840.0,5840.0,5832.0,5903.0,0.9893274606132475,1.0013717421124828,0.42,5.714701177839173,7.43,786.0,13754.0,5.48,320.0,0.9960119322740965,0.5181944536182578
339770,교촌에프앤비,2026-06-18,3980.0,3980.0,4041.0,4072.5,0.9772866789441375,0.9849047265528335,1.05,9.295550847457628,11.34,351.0,3776.0,7.54,300.0,0.9878489132797663,0.5180959657495463
058850,KTcs,2026-06-18,2375.0,2375.0,2417.0,2451.75,0.968695829509534,0.9826230864708316,0.43,10.990187332738627,3.87,616.0,5605.0,4.19,100.0,0.983904432080317,0.5178411182737546
000270,기아,2026-06-18,159100.0,159100.0,165980.0,163635.0,0.9722858801601124,0.9585492227979274,1.02,12.3094705822579,8.26,19382.0,157456.0,4.25,6800.0,0.9808618036698953,0.5177148429328841
128940,한미약품,2026-06-18,427500.0,427500.0,426200.0,453300.0,0.9430840502978161,1.0030502111684656,4.32,13.56737012987013,31.82,13372.0,98560.0,0.47,2000.0,0.9779166036479138,0.5174814338040659
036570,NC,2026-06-18,264000.0,264000.0,263200.0,274575.0,0.9614859328052444,1.0030395136778116,1.52,10.302338716184286,14.77,17876.0,173514.0,0.44,1150.0,0.9852526438344754,0.5172972092253275
068270,셀트리온,2026-06-18,174000.0,174000.0,174220.0,176052.85,0.9883395809837784,0.9987372287911835,2.31,5.929628148740504,39.02,4449.0,75030.0,0.43,750.0,0.9950780195712478,0.5170518812674362
114090,GKL,2026-06-18,11280.0,11280.0,11816.0,11489.0,0.9818086865697624,0.9546377792823291,1.58,10.662743449628694,14.81,761.0,7137.0,3.67,414.0,0.9841674704243022,0.5166124476027433
241560,두산밥캣,2026-06-18,65700.0,65700.0,66760.0,65945.0,0.9962847827735234,0.9841222288795686,0.87,5.5849116875856835,15.66,4196.0,75131.0,2.59,1700.0,0.9954168508617467,0.5159169257718988
009140,경인전자,2026-06-18,26600.0,26600.0,26790.0,26695.0,0.99644128113879,0.9929078014184397,0.43,4.79345856930685,9.04,2937.0,61271.0,1.88,500.0,0.9971681683955478,0.5158032439464502
005810,풍산홀딩스,2026-06-18,38150.0,38150.0,38600.0,38545.0,0.9897522376443119,0.9883419689119171,0.45,6.363732980645466,7.09,5389.0,84683.0,4.19,1600.0,0.9935759427948088,0.5157278516847243
192080,더블유게임즈,2026-06-18,67000.0,67000.0,69040.0,68845.0,0.973200668167623,0.97045191193511,1.09,10.813403352463947,10.09,6651.0,61507.0,1.79,1200.0,0.9834041270434104,0.5155332537850805
002760,보락,2026-06-18,937.0,937.0,928.0,948.85,0.9875111977657164,1.009698275862069,1.15,4.791154791154791,24.1,39.0,814.0,0.74,7.0,0.9970293781219735,0.5154345182696336
013580,계룡건설산업,2026-06-18,20150.0,20150.0,20550.0,20794.0,0.9690295277483889,0.9805352798053528,0.19,10.641428288487113,1.78,11283.0,106029.0,3.48,700.0,0.9836275062500482,0.5151061640896442
004980,성신양회,2026-06-18,8660.0,8660.0,8644.0,8722.0,0.9928915386379271,1.001850994909764,0.37,4.419421749989417,8.31,1044.0,23623.0,4.03,350.0,0.9975334357442992,0.5145656501368772
015890,태경산업,2026-06-18,4705.0,4705.0,4766.0,4792.25,0.9817935207887736,0.9872010071338648,0.45,7.624214734437464,5.86,801.0,10506.0,5.32,250.0,0.9901295666675065,0.5142262876746463
003610,방림,2026-06-18,5180.0,5180.0,5198.0,5186.0,0.998843038951022,0.9965371296652559,0.89,3.614248479582971,24.76,208.0,5755.0,1.36,70.0,0.9988478466383359,0.5132536611960701
025540,한국단자공업,2026-06-18,75400.0,75400.0,76000.0,77745.0,0.9698372885716123,0.9921052631578947,0.66,9.081408715644269,7.23,10428.0,114828.0,4.24,3200.0,0.9862850885655196,0.5128481712384436
004450,삼화왕관,2026-06-18,25400.0,25400.0,25130.0,25655.0,0.9900604170726954,1.0107441305212892,0.41,3.79271862718142,10.79,2345.0,61829.0,4.74,1200.0,0.9982609394314639,0.5127877446795804
002600,조흥,2026-06-18,137400.0,137400.0,137740.0,139070.0,0.9879916588768246,0.9975315812400174,0.54,5.335773449476524,10.2,13470.0,252447.0,4.37,6000.0,0.9946935370808193,0.5126177882379185
017900,광전자,2026-06-18,10250.0,10250.0,9900.0,10403.0,0.9852927040276843,1.0353535353535352,2.16,1.7767558528428091,121.76,85.0,4784.0,0.48,50.0,1.0018715463779386,0.5103211907559734
089860,롯데렌탈,2026-06-18,30350.0,30350.0,31090.0,30960.0,0.9802971576227391,0.9761981344483757,0.71,8.148405797101448,8.67,3514.0,43125.0,3.94,1200.0,0.9873984672323328,0.5102789184125233
105630,한세실업,2026-06-18,8720.0,8720.0,8902.0,8892.0,0.9806567701304544,0.9795551561446866,0.47,7.793739279588337,6.0,1454.0,18656.0,6.88,600.0,0.9881829362419177,0.5102271236516446
008260,NI스틸,2026-06-18,3080.0,3080.0,3114.0,3142.25,0.9801893547617153,0.9890815671162492,0.32,7.017726798748697,4.58,673.0,9590.0,3.25,100.0,0.9898527910136432,0.5099945685330752
000640,동아쏘시오홀딩스,2026-06-18,84000.0,84000.0,84180.0,86590.0,0.9700889248181084,0.9978617248752673,0.49,7.999930045062639,6.13,13723.0,171539.0,2.02,1700.0,0.987584109645105,0.5098917193885241
009680,모토닉,2026-06-18,9990.0,9990.0,10126.0,10100.0,0.9891089108910891,0.9865692277305945,0.45,5.591648371342802,8.0,1248.0,22319.0,7.91,790.0,0.9929712396086537,0.5096945911977335
051600,한전KPS,2026-06-18,51100.0,51100.0,54680.0,51610.0,0.9901181941484208,0.9345281638624726,1.71,9.23226108473216,18.54,2761.0,29906.0,3.22,1651.0,0.9845107367208937,0.5091816230815557
039570,HDC랩스,2026-06-18,7770.0,7770.0,7866.0,7820.5,0.9935426123649383,0.9877955758962624,0.67,4.597107438016529,14.48,534.0,11616.0,5.82,450.0,0.9950045624676214,0.5091231851466553
000970,한국주철관공업,2026-06-18,6670.0,6670.0,6762.0,6715.0,0.9932985852568875,0.9863945578231292,0.4,4.691123134550211,8.47,789.0,16819.0,5.99,400.0,0.9946364368532223,0.5087268157493273
035150,백산,2026-06-18,10260.0,10260.0,10656.0,10682.5,0.9604493330212965,0.9628378378378378,0.81,12.4901248222468,6.49,1581.0,12658.0,4.39,450.0,0.9767104256140062,0.5081355435101027
003160,디아이,2026-06-18,28600.0,28600.0,28890.0,28605.0,0.9998252053836741,0.9899619245413638,4.58,3.1175441386989027,146.94,196.0,6287.0,0.87,250.0,0.9979624719770469,0.5081014874872501
014580,태경비케이,2026-06-18,4010.0,4010.0,4078.0,4162.0,0.9634790965881788,0.9833251593918587,0.47,10.142890606699462,4.64,866.0,8538.0,3.74,150.0,0.9819220538282916,0.5078437056110775
317400,자이에스앤디,2026-06-18,3610.0,3610.0,3679.0,3688.5,0.9787176358953504,0.9812449035063876,0.3,7.573834306507574,4.02,895.0,11817.0,4.17,150.0,0.9877167130134163,0.5077560281568481
005820,원림,2026-06-18,14280.0,14280.0,14312.0,14329.0,0.9965803615046409,0.9977641140301845,0.23,2.944857063919,7.88,1812.0,61531.0,3.22,460.0,0.9981839063412037,0.5076652823586634
004690,삼천리,2026-06-18,120600.0,120600.0,123440.0,122490.0,0.9845701689933872,0.9769928710304602,0.25,6.631749147765455,3.7,32566.0,491062.0,2.49,3000.0,0.9892980166830978,0.5063320390725481
102260,동성케미컬,2026-06-18,3820.0,3820.0,3899.0,3900.0,0.9794871794871794,0.979738394460118,0.42,7.306434023991276,5.72,670.0,9170.0,3.92,150.0,0.9877404725735066,0.5062635288124692
035000,HS애드,2026-06-18,7110.0,7110.0,7258.0,7299.5,0.9740393177614906,0.9796087076329567,0.54,8.195092118339577,6.63,1072.0,13081.0,7.74,550.0,0.9854910962148176,0.5056667014136701
012750,에스원,2026-06-18,72100.0,72100.0,78740.0,73020.0,0.987400712133662,0.9156718313436627,1.38,10.166130864149999,13.58,5281.0,51947.0,4.46,3200.0,0.9807369799346557,0.5049445785463947
001550,조비,2026-06-18,11120.0,11120.0,11136.0,11235.0,0.9897641299510458,0.9985632183908046,1.06,3.6070242050308496,29.37,380.0,10535.0,0.0,0.0,0.9956132314350168,0.5049301503027226
294870,IPARK현대산업개발,2026-06-18,20000.0,20000.0,20294.0,20239.5,0.988166703722918,0.9855129594954174,0.39,4.8887397081762,8.08,2476.0,50647.0,3.5,700.0,0.9923848774043085,0.5041101325923413
025530,에스제이엠홀딩스,2026-06-18,3485.0,3485.0,3557.0,3517.75,0.990690071778836,0.9797582232218162,0.28,4.857254595228784,5.67,621.0,12785.0,7.1,250.0,0.9923180140268997,0.5037560458151947
039490,키움증권,2026-06-18,347000.0,347000.0,367400.0,370175.0,0.9373944755858715,0.9444746869896571,1.37,17.471496960725645,7.84,44379.0,254008.0,3.3,11500.0,0.96368623044192,0.5037266944591653
229640,LS에코에너지,2026-06-18,62800.0,62800.0,66160.0,68175.0,0.9211587825449211,0.9492140266021766,9.34,20.107277471730935,46.43,1387.0,6898.0,0.39,250.0,0.9577059003764141,0.5037266026126505
017390,서울도시가스,2026-06-18,56700.0,56700.0,57080.0,56975.0,0.9951733216322949,0.9933426769446391,0.2,2.766990291262136,7.21,7866.0,284280.0,4.85,2750.0,0.9967427715902147,0.5029423333205109
007210,벽산,2026-06-18,1615.0,1615.0,1647.4,1657.65,0.9742708050553494,0.9803326453805997,0.3,7.532852119193041,3.99,407.0,5403.0,1.85,30.0,0.9857262062371976,0.5024216925544673
000100,유한양행,2026-06-18,77500.0,77500.0,78200.0,80470.0,0.9630918354666336,0.9910485933503836,2.51,8.42327013450008,29.82,2599.0,30855.0,0.77,600.0,0.9833454477959889,0.5014987126428831
227840,현대코퍼레이션홀딩스,2026-06-18,11720.0,11720.0,12046.0,12271.5,0.9550584688098439,0.9729370745475676,0.32,11.449435106089831,2.83,4155.0,36290.0,4.26,500.0,0.9764118800624444,0.5013258051161342
161390,한국타이어앤테크놀로지,2026-06-18,66200.0,66200.0,70100.0,67535.0,0.9802324720515289,0.9443651925820257,0.67,8.999939536852288,7.47,8931.0,99234.0,3.45,2300.0,0.9818112381523101,0.500920572554491
005750,대림바스,2026-06-18,4445.0,4445.0,4490.0,4603.75,0.9655172413793104,0.9899777282850779,0.43,7.9506511309115835,5.47,812.0,10213.0,4.05,180.0,0.9841033896183451,0.5006938136006965
004000,롯데정밀화학,2026-06-18,49300.0,49300.0,49600.0,50127.5,0.9834920951573488,0.9939516129032258,0.52,4.355236740839887,11.87,4165.0,95632.0,3.03,1500.0,0.9921617013711809,0.5004396142308294
031820,아이티센씨티에스,2026-06-18,5780.0,5780.0,5978.0,6470.0,0.893353941267388,0.9668785547005687,0.31,23.044397463002113,1.33,4360.0,18920.0,0.0,0.0,0.9497098221557354,0.5003160996265581
009770,삼정펄프,2026-06-18,25450.0,25450.0,25830.0,26767.5,0.950779863640609,0.9852884243128146,0.22,10.935472352136841,2.03,12556.0,114819.0,3.93,1000.0,0.9771635281096838,0.5002646259815725
008500,일정실업,2026-06-18,779.0,779.0,784.4,1489.05,0.523152345455156,0.9931157572667006,0.24,86.07320099255583,0.28,2775.0,3224.0,12.84,100.0,0.8065809818439866,0.5
267850,아시아나IDT,2026-06-18,9430.0,9430.0,9556.0,9723.0,0.9698652679214235,0.9868145667643365,0.6,7.247945990701229,8.34,1138.0,15701.0,5.27,500.0,0.9852184325403462,0.4994666236156932
004360,세방,2026-06-18,13300.0,13300.0,13484.0,13574.0,0.9798143509650803,0.9863541975674874,0.24,5.493924022917199,4.43,3011.0,54806.0,2.25,300.0,0.989160389470211,0.49937003743264335
002900,TYM,2026-06-18,6570.0,6570.0,6664.0,6853.5,0.958634274458306,0.9858943577430972,0.62,9.2821431940383,6.7,984.0,10601.0,4.4,290.0,0.9804765723317123,0.49914276786446665
078000,텔코웨어,2026-06-18,13980.0,13980.0,14234.0,14250.5,0.9810182098873724,0.9821554025572573,0.64,5.4922327419799615,11.7,1195.0,21758.0,4.58,640.0,0.9888300998902015,0.49851457646855535
012030,DB,2026-06-18,1905.0,1905.0,1949.2,1999.85,0.9525714428582144,0.9773240303714344,0.81,11.016588685665674,7.32,259.0,2351.0,0.0,0.0,0.9762636584158753,0.49843190632478723
034020,두산에너빌리티,2026-06-18,100200.0,100200.0,99920.0,100650.0,0.9955290611028316,1.0028022417934348,8.3,1.085883514313919,764.39,132.0,12156.0,0.0,0.0,0.9987802025027872,0.49839317789703297
016740,두올,2026-06-18,4340.0,4340.0,4389.0,4563.0,0.9511286434363357,0.988835725677831,0.45,10.20638669267892,4.37,994.0,9739.0,2.76,120.0,0.978048312461268,0.4982946631726679
009970,영원무역홀딩스,2026-06-18,179100.0,179100.0,185820.0,188140.0,0.9519506750292336,0.9638359702938327,0.69,12.194549324342528,5.66,31684.0,259821.0,3.67,6576.0,0.9733690850996546,0.4978637502779887
014830,유니드,2026-06-18,68500.0,68500.0,69940.0,70095.0,0.9772451672729867,0.9794109236488419,0.42,6.032118114150011,6.97,9830.0,162961.0,2.92,2000.0,0.986762040315277,0.4963559482876681
249420,일동제약,2026-06-18,19070.0,19070.0,19454.0,20224.0,0.942939082278481,0.9802611288166958,2.45,12.044495588799386,20.33,942.0,7821.0,1.04,200.0,0.9729272469102705,0.49586085396327084
111380,동인기연,2026-06-18,12770.0,12770.0,13064.0,13184.0,0.9685983009708737,0.9774954072259645,0.5,7.655185833819809,6.49,1967.0,25695.0,5.32,680.0,0.9828564676365497,0.49578497420866957
123700,에스제이엠,2026-06-18,3315.0,3315.0,3335.0,3403.5,0.9739973556632878,0.9940029985007496,0.22,5.230562100302929,4.27,777.0,14855.0,6.18,205.0,0.9883512628877276,0.4957685689402202
101530,해태제과식품,2026-06-18,5750.0,5750.0,5862.0,5946.5,0.966955351887665,0.9808938928693278,0.5,7.5436034023541545,6.57,878.0,11639.0,4.33,250.0,0.9828523199139787,0.4951261714966006
034830,한국토지신탁,2026-06-18,1244.0,1244.0,1255.4,1252.95,0.9928568578155552,0.9909192289310179,0.26,2.0403870424905346,12.85,97.0,4754.0,5.62,70.0,0.9953336914748964,0.49511383823349764
139130,iM금융지주,2026-06-18,17370.0,17370.0,17822.0,17813.5,0.9751031521037415,0.9746380877567052,0.45,6.484183344092963,6.94,2511.0,38725.0,4.02,700.0,0.9849737191316945,0.49440338282857615
009420,한올바이오파마,2026-06-18,54300.0,54300.0,53040.0,55045.0,0.9864656190389681,1.0237556561085972,17.02,0.0,0.0,0.0,3184.0,0.0,0.0,0.9996834963084502,0.4943979626596143
004700,조광피혁,2026-06-18,61600.0,61600.0,62280.0,62050.0,0.9927477840451249,0.9890815671162492,0.38,1.9969995819089548,18.97,3248.0,162644.0,0.0,0.0,0.994931615531635,0.49383237005449154
378850,화승알앤에이,2026-06-18,3065.0,3065.0,3113.0,3243.75,0.9448940269749518,0.9845807902345005,0.35,10.923987255348203,3.2,960.0,8788.0,2.44,75.0,0.9746251600751897,0.4936989568879366
053210,케이티스카이라이프,2026-06-18,4405.0,4405.0,4465.0,4414.75,0.9977914944221077,0.986562150055991,0.38,1.2821631051024858,30.0,147.0,11465.0,7.94,350.0,0.9964902092249419,0.493670326541186
013870,지엠비코리아,2026-06-18,3950.0,3950.0,4011.0,4041.25,0.9774203526136716,0.9847918224881576,0.26,5.011179797448376,5.19,762.0,15206.0,6.32,250.0,0.9878809703874197,0.49329009113555367
011390,부산산업,2026-06-18,50800.0,50800.0,50810.0,50900.0,0.9980353634577603,0.9998031883487503,0.43,0.0,0.0,0.0,119423.0,0.49,250.0,0.9991746438540439,0.4930951540584392
005880,대한해운,2026-06-18,2070.0,2070.0,2089.0,2167.4,0.9550613638460829,0.9909047391096218,0.31,8.378216636744465,3.71,560.0,6684.0,0.0,0.0,0.9800738944946557,0.49286087929886735
004250,엔피씨,2026-06-18,3115.0,3115.0,3155.0,3154.5,0.9874782057378348,0.9873217115689382,0.26,2.8755619645432184,9.17,339.0,11789.0,3.38,105.0,0.9924564284312979,0.49259875614606197
006090,사조오양,2026-06-18,7920.0,7920.0,8058.0,8067.5,0.9817167647970251,0.9828741623231572,0.3,4.281194007090846,7.03,1123.0,26231.0,1.27,100.0,0.9892534716734109,0.492563595050711
044450,KSS해운,2026-06-18,9710.0,9710.0,9946.0,9997.0,0.9712913874162249,0.9762718680876734,0.4,6.7153345223775345,6.02,1619.0,24109.0,4.62,450.0,0.983722508668949,0.4925426835419401
024090,디씨엠,2026-06-18,10960.0,10960.0,11072.0,11217.0,0.9770883480431488,0.9898843930635838,0.36,4.473125306322497,8.01,1369.0,30605.0,7.47,820.0,0.9887599128284328,0.4924148731336179
000590,CS홀딩스,2026-06-18,71600.0,71600.0,72800.0,73365.0,0.9759422067743474,0.9835164835164835,0.22,5.232210111490784,4.29,16782.0,320744.0,0.69,500.0,0.9870294021387866,0.4923937986405382
195870,해성디에스,2026-06-18,80100.0,80100.0,81480.0,81645.0,0.9810766121624105,0.9830633284241531,2.43,4.220133742996566,57.6,1401.0,33198.0,1.12,900.0,0.9890296193216239,0.4916357690383326
002720,국제약품,2026-06-18,3510.0,3510.0,3550.0,3627.0,0.967741935483871,0.9887323943661972,0.76,6.064544076239983,12.52,280.0,4617.0,0.86,30.0,0.9847475700633357,0.49138668789808926
010040,한국내화,2026-06-18,1615.0,1615.0,1619.6,1618.85,0.9976217685393953,0.9971597925413683,0.38,0.0,0.0,0.0,4239.0,0.0,0.0,0.998481192262011,0.4913197185844118
002810,삼영무역,2026-06-18,20400.0,20400.0,21240.0,21232.5,0.9607912398445779,0.96045197740113,0.6,9.714269019516186,6.17,3325.0,34228.0,5.76,1181.0,0.9764124792700669,0.49124774383091374
084870,티비에이치글로벌,2026-06-18,1860.0,1860.0,1846.0,1890.5,0.9838667019307061,1.0075839653304441,0.63,1.4468371467025571,43.26,43.0,2972.0,2.69,50.0,0.9951348806529081,0.4911568886702541
302440,SK바이오사이언스,2026-06-18,40050.0,40050.0,40100.0,40187.5,0.9965785381026439,0.9987531172069826,1.76,0.0,0.0,0.0,22806.0,0.0,0.0,0.998380952750317,0.4910630766111213
003540,대신증권,2026-06-18,29850.0,29850.0,30200.0,30580.0,0.9761281883584042,0.9884105960264901,0.56,4.53503232596602,12.29,2413.0,53208.0,4.05,1200.0,0.9880757886165481,0.4910229368696399
024900,디와이덕양,2026-06-18,1902.0,1902.0,1926.0,1909.8,0.9959158027018536,0.9875389408099688,0.52,1.0320478001086366,49.92,38.0,3682.0,3.16,60.0,0.9959163899336723,0.4907482620967622
016580,환인제약,2026-06-18,10140.0,10140.0,10232.0,10359.5,0.9788117187122931,0.9910086004691165,0.45,3.7625675023049565,11.88,857.0,22777.0,2.95,300.0,0.9896821427613194,0.4906484102593016
023350,한국종합기술,2026-06-18,4490.0,4490.0,4549.0,4611.5,0.9736528244605877,0.9870301165091229,0.27,5.006708135138432,5.49,821.0,16398.0,3.33,150.0,0.9867968403706152,0.490488430629904
033530,SJG세종,2026-06-18,6850.0,6850.0,7006.0,7349.0,0.9320996053884882,0.9777333713959463,0.36,13.157622203811101,2.7,2541.0,19312.0,2.92,200.0,0.9679708161427794,0.48963712853719876
006040,동원산업,2026-06-18,32650.0,32650.0,33820.0,34370.0,0.9499563572883328,0.965405085748078,0.41,11.001288675916774,3.73,8793.0,79927.0,3.51,1150.0,0.9728421204043313,0.48958290727518367
002790,아모레퍼시픽홀딩스,2026-06-18,23200.0,23200.0,24240.0,23337.5,0.9941081949651848,0.9570957095709571,0.6,3.5080031961234117,17.01,1361.0,38797.0,1.73,400.0,0.9897260920521618,0.489282166733269
214320,이노션,2026-06-18,19600.0,19600.0,20418.0,20315.0,0.9648043317745508,0.9599373102164757,0.74,8.61822826658652,8.56,2294.0,26618.0,5.99,1175.0,0.9779904442150442,0.4889208772177154
200880,서연이화,2026-06-18,12560.0,12560.0,12772.0,12905.5,0.9732284684824299,0.983401190103351,0.29,5.121343545261603,5.64,2220.0,43348.0,2.0,250.0,0.9859029433440997,0.48886571533670853
012320,경동인베스트,2026-06-18,49850.0,49850.0,50140.0,51097.5,0.9755858897206321,0.9942161946549661,0.22,3.7350994543989358,5.89,8482.0,227089.0,1.5,750.0,0.9890342424547047,0.4888300370362356
111110,호전실업,2026-06-18,6540.0,6540.0,6652.0,6777.5,0.9649575802286979,0.9831629585087192,0.31,6.616204093075413,4.61,1416.0,21402.0,6.13,400.0,0.9824909141683078,0.4888135979247788
005180,빙그레,2026-06-18,67400.0,67400.0,68740.0,70130.0,0.9610722943105661,0.980506255455339,0.8,7.470369357695645,10.71,6284.0,84119.0,4.9,3300.0,0.9803756198067839,0.4883596898346717
003580,HLB글로벌,2026-06-18,1590.0,1590.0,1565.0,1614.9,0.9845810886122979,1.0159744408945688,1.1,0.0,0.0,0.0,1457.0,0.0,0.0,0.997224766091017,0.4881029063078114
008490,서흥,2026-06-18,18780.0,18780.0,18992.0,19806.5,0.9481735793805064,0.9888374052232519,0.43,8.912538170548288,4.8,3911.0,43882.0,2.66,500.0,0.9768532976514075,0.4877191039177393
004270,남성,2026-06-18,7000.0,7000.0,7002.0,7052.5,0.9925558312655087,0.9997143673236218,0.21,0.0,0.0,0.0,33720.0,3.57,250.0,0.9969643878525212,0.48743626314684463
028670,팬오션,2026-06-18,5200.0,5200.0,5288.0,5360.25,0.9701040063429878,0.983358547655068,0.49,5.267581955729896,9.22,564.0,10707.0,2.88,150.0,0.9846235890193269,0.4864397006374359
003830,대한화섬,2026-06-18,113000.0,113000.0,114340.0,114200.0,0.989492119089317,0.9882805667308029,0.17,1.3510512739396003,12.68,8883.0,657488.0,0.67,750.0,0.9934587078143136,0.4863089832307946
002320,한진,2026-06-18,16710.0,16710.0,16844.0,16790.5,0.9952056222268545,0.99204464497744,0.18,0.0,0.0,0.0,94858.0,3.59,600.0,0.9965013172267785,0.4862506691913769
001230,동국홀딩스,2026-06-18,2025.0,2025.0,1987.2,2075.35,0.975739031970511,1.0190217391304348,0.18,0.8920838385588082,19.81,103.0,11546.0,0.49,10.0,0.9944231381610855,0.48611205626852655
282330,BGF리테일,2026-06-18,119100.0,119100.0,125300.0,127770.0,0.9321436957032168,0.9505187549880287,1.57,14.870607428067729,10.53,11303.0,76009.0,3.45,4100.0,0.9625786083970593,0.4857822728066771
005360,모나미,2026-06-18,1369.0,1369.0,1364.4,1384.2,0.9890189279005923,1.003371445323952,0.32,0.0,0.0,0.0,4286.0,2.2,30.0,0.9963011506794167,0.48573818527327395
006280,녹십자,2026-06-18,130300.0,130300.0,129520.0,132055.0,0.9867100829199954,1.0060222359481161,1.22,0.0,0.0,0.0,106673.0,1.15,1500.0,0.9959347228115337,0.48480002456705285
271980,제일약품,2026-06-18,10420.0,10420.0,10556.0,11155.0,0.9341102644554011,0.9871163319439181,0.73,11.080428028995511,6.57,1605.0,14485.0,0.0,0.0,0.9707906418377986,0.4847902534677965
030210,다올투자증권,2026-06-18,3565.0,3565.0,3662.0,3699.5,0.9636437356399513,0.9735117422173676,0.39,6.990947758752318,5.56,641.0,9169.0,6.73,240.0,0.980052443357181,0.4847473008085943
487570,HS효성,2026-06-18,52500.0,52500.0,53400.0,53755.0,0.9766533345735281,0.9831460674157303,0.38,3.7930045871559632,9.96,5292.0,139520.0,1.9,1000.0,0.987246025715925,0.48458805943032657
003120,일성아이에스,2026-06-18,19430.0,19430.0,19798.0,19494.0,0.9967169385451934,0.9814122638650369,0.36,0.3151474704780972,114.29,170.0,53943.0,6.18,1200.0,0.9950851750831546,0.48445563259451496
267270,HD건설기계,2026-06-18,146700.0,146500.0,150820.0,150915.0,0.9720703707384952,0.9726826680811563,1.41,5.478003384094754,25.75,5698.0,104016.0,0.37,550.0,0.9833578034793136,0.484421265657968
001630,종근당홀딩스,2026-06-18,41150.0,41150.0,41460.0,42980.0,0.957422056770591,0.9925229136517125,0.31,6.346916966214044,4.85,8493.0,133813.0,3.4,1400.0,0.9813676337191801,0.4843733856355731
036420,콘텐트리중앙,2026-06-18,4995.0,4995.0,4995.0,5049.5,0.9892068521635805,1.0,0.66,0.0,0.0,0.0,7612.0,0.0,0.0,0.9956827408654322,0.4841548783289259
014820,동원시스템즈,2026-06-18,20850.0,20850.0,21590.0,21481.0,0.9706252036683581,0.9657248726262159,0.71,6.223700285054975,11.4,1834.0,29468.0,4.31,900.0,0.981464624241434,0.48390594245075347
000050,경방,2026-06-18,8380.0,8380.0,8584.0,8668.0,0.9667743424088602,0.9762348555452004,0.27,6.043340482058833,4.47,1888.0,31241.0,1.9,160.0,0.9818645866081539,0.48388224939620134
004970,신라교역,2026-06-18,9000.0,9000.0,9088.0,9100.0,0.989010989010989,0.9903169014084507,0.24,0.7714915503306392,30.65,294.0,38108.0,5.55,500.0,0.9936626683175979,0.48346451311128835
089470,HDC현대EP,2026-06-18,3960.0,3960.0,4128.0,4141.5,0.9561752988047809,0.9593023255813954,0.29,9.286959047342433,3.08,1279.0,13772.0,4.06,160.0,0.9742775199413762,0.4832993865749418
003570,SNT다이내믹스,2026-06-18,41950.0,41950.0,43500.0,43500.0,0.964367816091954,0.964367816091954,1.15,7.349653781146066,15.65,2696.0,36682.0,4.27,1800.0,0.9786206896551723,0.48316532615374175
018250,애경산업,2026-06-18,11960.0,11960.0,12140.0,12277.5,0.9741396864182448,0.985172981878089,0.76,3.8128906003408876,19.83,604.0,15841.0,1.67,200.0,0.9866240497662344,0.48311114018289153
001070,대한방직,2026-06-18,5890.0,5890.0,5936.0,5938.5,0.9918329544497769,0.9922506738544474,0.14,0.0,0.0,0.0,43130.0,0.0,0.0,0.9951820116209112,0.48287286748084446
000120,CJ대한통운,2026-06-18,81800.0,81800.0,84360.0,84155.0,0.9720159229992276,0.9696538643907064,0.39,5.458962763398442,7.22,11347.0,207860.0,0.98,800.0,0.982766711124472,0.48279729212685824
489790,한화비전,2026-06-18,68800.0,68800.0,72140.0,70215.0,0.9798476109093499,0.9537011366786804,4.01,5.247847335350244,76.39,902.0,17188.0,0.0,0.0,0.9831869997455832,0.48264698042525217
293480,하나제약,2026-06-18,9130.0,9130.0,9212.0,9354.5,0.9760008552033781,0.991098567086409,0.51,2.8470350404312668,18.05,507.0,17808.0,2.84,260.0,0.9885658161832154,0.4824719569063496
000880,한화,2026-06-18,123500.0,123500.0,122860.0,127705.0,0.9670725500176187,1.005209181181833,0.93,3.0601125748682994,30.35,4072.0,133067.0,0.89,1100.0,0.9879499086934387,0.4821328259486662
163560,동일고무벨트,2026-06-18,6310.0,6310.0,6436.0,6495.5,0.9714417673774152,0.9804226227470478,0.37,4.4901065449010655,8.24,767.0,17082.0,2.37,150.0,0.9845894985192933,0.48183605748901515
005320,온타이드,2026-06-18,1087.0,1087.0,1089.8,1100.0,0.9881818181818182,0.9974307212332538,0.38,0.0,0.0,0.0,2778.0,0.0,0.0,0.9947493418308613,0.48176510840635334
344820,케이씨씨글라스,2026-06-18,23800.0,23800.0,23780.0,24130.0,0.9863240779113137,1.0008410428931875,0.27,0.0,0.0,0.0,86505.0,6.77,1600.0,0.9947027193952577,0.48164574156516754
002140,고려산업,2026-06-18,1976.0,1976.0,1993.2,2090.6,0.9451832009949297,0.9913706602448324,0.41,8.07350815610159,5.06,391.0,4843.0,2.02,40.0,0.9761865978114934,0.48113822770871423
300720,한일시멘트,2026-06-18,14170.0,14170.0,14604.0,14501.5,0.9771402958314657,0.970282114489181,0.56,4.176178855388491,13.38,1061.0,25406.0,7.04,1000.0,0.9849965624217436,0.4810546493518544
117580,대성에너지,2026-06-18,7010.0,7010.0,7084.0,7373.0,0.950766309507663,0.989553924336533,0.55,7.118697396365925,7.76,905.0,12713.0,3.56,250.0,0.9780535264451315,0.48037159753130987
008040,사조동아원,2026-06-18,907.0,907.0,921.8,913.1,0.9933194611762128,0.9839444564981559,1.01,0.0,0.0,0.0,901.0,0.0,0.0,0.994177866539349,0.4803019673353138
118000,메타케어,2026-06-18,1477.0,1477.0,1486.2,1497.8,0.9861129656830018,0.9938097160543669,0.21,0.4316546762589928,49.23,30.0,6950.0,0.0,0.0,0.9931879527465206,0.4802749892842445
145990,삼양사,2026-06-18,43050.0,43050.0,43800.0,43332.5,0.9934806438585357,0.9828767123287672,0.27,0.0,0.0,0.0,160164.0,4.06,1750.0,0.9940414950024066,0.47995281698781006
092440,기신정기,2026-06-18,1955.0,1955.0,1967.4,1992.5,0.9811794228356336,0.9936972654264511,0.23,1.2498539890199742,18.28,107.0,8561.0,5.11,100.0,0.9911794633963976,0.47988560619618514
013570,디와이,2026-06-18,3950.0,3950.0,4053.0,4042.0,0.9772389905987136,0.9745867258820626,0.25,3.5846802087918994,6.89,570.0,15901.0,4.33,170.0,0.9858406055440818,0.47977962147838404
005740,크라운해태홀딩스,2026-06-18,5820.0,5820.0,5888.0,6053.0,0.9615066908970759,0.9884510869565217,0.25,5.196348970494587,4.77,1224.0,23555.0,2.23,130.0,0.9821669680503379,0.4797362515151833
016090,대현,2026-06-18,1536.0,1536.0,1555.2,1585.55,0.9687490145375423,0.9876543209876543,0.25,3.974461292897047,6.18,249.0,6265.0,5.2,80.0,0.9849359434802971,0.4797276682932998
248170,샘표식품,2026-06-18,22550.0,22550.0,23140.0,23605.0,0.9553060792205041,0.9745030250648228,0.39,7.524288568869289,5.16,4368.0,58052.0,0.89,200.0,0.9768221285317977,0.47957494756611246
011420,갤럭시아에스엠,2026-06-18,1430.0,1430.0,1430.0,1496.7,0.9554352909734749,1.0,0.54,5.1448170731707314,10.54,135.0,2624.0,0.0,0.0,0.98217411638939,0.47945520406281905
095570,AJ네트웍스,2026-06-18,4290.0,4290.0,4406.0,4456.0,0.9627468581687613,0.9736722650930549,0.42,6.215740015661707,6.79,635.0,10216.0,7.66,330.0,0.9797150287147199,0.47938023353858944
034120,SBS,2026-06-18,12810.0,12810.0,12736.0,13099.5,0.9778999198442688,1.0058103015075377,0.18,0.6196602601714442,29.65,433.0,69877.0,2.57,330.0,0.9923865206121449,0.4793152187032637
002240,고려제강,2026-06-18,19340.0,19340.0,19498.0,19623.0,0.9855781480915252,0.9918966047799774,0.29,0.5286448278934395,54.49,356.0,67342.0,1.8,350.0,0.9925899324954645,0.47930730214853623
017810,풀무원,2026-06-18,9920.0,9920.0,10020.0,10085.5,0.9835903029101185,0.9900199600798403,1.18,0.9994051160023795,117.74,84.0,8405.0,1.03,102.0,0.9914141871430407,0.47903170672153716
185750,종근당,2026-06-18,71100.0,71100.0,72100.0,75040.0,0.9474946695095949,0.986130374479889,0.93,7.721186663166185,12.07,5882.0,76180.0,0.7,500.0,0.9760065828968887,0.47863069903843797
000140,하이트진로홀딩스,2026-06-18,8240.0,8240.0,8370.0,8313.0,0.9912185733188981,0.984468339307049,0.33,0.0,0.0,0.0,25367.0,4.24,350.0,0.9934236957531215,0.47837107326465733
009190,대양금속,2026-06-18,1802.0,1802.0,1864.8,1926.2,0.9355207143598795,0.9663234663234663,0.97,11.514812744550028,8.47,206.0,1789.0,0.0,0.0,0.9670435865950351,0.47772005932597367
181710,NHN,2026-06-18,40750.0,40750.0,39400.0,42867.5,0.9506036041290021,1.034263959390863,0.86,2.155226899254203,40.08,1023.0,47466.0,1.22,500.0,0.9882028615504215,0.477523968956064
000400,롯데손해보험,2026-06-18,1894.0,1894.0,1921.6,2003.6,0.9452984627670195,0.9856369691923398,0.95,7.959697732997481,11.99,158.0,1985.0,0.0,0.0,0.9750116484748769,0.4774688937832322
251270,넷마블,2026-06-18,40700.0,40700.0,41550.0,41982.5,0.9694515571964509,0.9795427196149218,0.61,4.143717273536646,14.82,2746.0,66269.0,2.15,876.0,0.9836048671646537,0.4773029396974976
071840,롯데하이마트,2026-06-18,6670.0,6670.0,6758.0,6744.5,0.9889539624879532,0.9869783959751406,0.16,0.0,0.0,0.0,40757.0,4.49,300.0,0.9929876899685078,0.4772547730848351
272210,한화시스템,2026-06-18,97100.0,97100.0,100860.0,99900.0,0.9719719719719719,0.9627206028157843,3.74,4.974356996876566,75.27,1290.0,25933.0,0.51,500.0,0.9814762055333144,0.47667814747173465
007700,F&F 홀딩스,2026-06-18,16320.0,16320.0,16738.0,16941.5,0.9633149366939173,0.9750268849324889,0.28,5.437739738758681,5.07,3218.0,59179.0,3.06,500.0,0.9802113616061303,0.476131577841018
035720,카카오,2026-06-18,39450.0,39450.0,40540.0,40677.5,0.9698236125622273,0.9731129748396645,1.54,4.362926829268292,35.33,1118.0,25625.0,0.19,75.0,0.9825156860776663,0.47578771321052027
023000,삼원강재,2026-06-18,2177.0,2177.0,2233.4,2243.6,0.9703155642717062,0.9747470224769409,0.33,4.1314698203041,8.09,269.0,6511.0,5.06,110.0,0.9830297075136205,0.47575922004050064
024070,WISCOM,2026-06-18,1875.0,1875.0,1906.6,1912.15,0.9805716078759511,0.9834259939158713,0.33,1.529370872436566,21.28,88.0,5754.0,2.67,50.0,0.9888945995657976,0.47565941388299393
161000,애경케미칼,2026-06-18,11530.0,11530.0,11084.0,12046.0,0.957164203885107,1.0402381811620354,0.77,0.0,0.0,0.0,14790.0,1.24,140.0,0.9921986948503011,0.47523471871075507
009200,무림페이퍼,2026-06-18,1540.0,1540.0,1546.8,1568.0,0.9821428571428571,0.9956038272562711,0.15,0.0,0.0,0.0,10373.0,8.13,125.0,0.9919541330884565,0.47460857027796144
000080,하이트진로,2026-06-18,15700.0,15700.0,15998.0,16214.0,0.9682990008634513,0.981372671583948,0.98,3.709697497821486,26.33,596.0,16066.0,4.46,700.0,0.9834948746908401,0.47450010254954966
021820,세원정공,2026-06-18,11520.0,11520.0,11990.0,12024.5,0.9580439935132438,0.9608006672226855,0.18,7.296197999277604,2.48,4646.0,63677.0,1.73,200.0,0.9753327434663819,0.4744367133600375
126720,수산인더스트리,2026-06-18,23950.0,23950.0,24420.0,25495.0,0.9393998823298686,0.9807534807534808,0.61,8.887468030690538,6.88,3475.0,39100.0,3.77,900.0,0.9715860362849968,0.4740877675776387
009810,플레이그램,2026-06-18,1912.0,1912.0,1911.2,1952.7,0.9791570645772519,1.0004185851820846,0.42,0.0,0.0,0.0,4598.0,0.0,0.0,0.9917501012808081,0.4740861901820892
004830,덕성,2026-06-18,3625.0,3625.0,3689.0,3789.75,0.956527475427139,0.9826511249661155,0.58,5.6349081776801135,10.21,359.0,6371.0,3.14,115.0,0.9789567281494035,0.47406470866641437
032640,LG유플러스,2026-06-18,15060.0,15060.0,15734.0,15575.0,0.9669341894060995,0.9571628320833863,0.72,5.862863728032267,12.33,1221.0,20826.0,4.39,660.0,0.9783811663447348,0.4739153007922879
002150,도화엔지니어링,2026-06-18,5330.0,5330.0,5432.0,5481.5,0.9723615798595275,0.9812223858615611,0.7,2.8852459016393444,24.32,220.0,7625.0,5.61,300.0,0.9851212815579837,0.47387492504461715
306200,세아제강,2026-06-18,140700.0,140700.0,144940.0,143825.0,0.9782722058056667,0.9707465157996412,0.36,2.673687362747055,13.37,10714.0,400720.0,3.84,5500.0,0.9855489002672,0.4737408064414037
139480,이마트,2026-06-18,87400.0,87400.0,89220.0,89005.0,0.9819673052075726,0.9796009863259358,0.21,1.238215158150081,17.15,5084.0,410591.0,2.87,2500.0,0.9887268296473677,0.4735385484831252
004370,농심,2026-06-18,363500.0,363500.0,371700.0,380225.0,0.9560128871063186,0.9779391982781813,0.75,6.047490380116778,12.37,29342.0,485193.0,1.65,6000.0,0.9777951449778234,0.47348741547083967
003010,혜인,2026-06-18,4895.0,4895.0,5047.0,5237.0,0.9346954363185029,0.9698830988706162,0.38,10.609550130508214,3.58,1382.0,13026.0,4.04,200.0,0.9674177340598149,0.4734193057394929
000240,한국앤컴퍼니,2026-06-18,24650.0,24650.0,27230.0,25232.5,0.976914693351828,0.9052515607785531,0.48,7.2627137111951985,6.66,3666.0,50477.0,4.51,1100.0,0.9748164472171567,0.4729203359725704
016710,대성홀딩스,2026-06-18,7110.0,7110.0,7256.0,7350.0,0.9673469387755103,0.9798787210584344,0.25,3.7318903822656657,6.67,1069.0,28645.0,3.51,250.0,0.9828115863765572,0.47287960665463225
001390,KG케미칼,2026-06-18,4505.0,4505.0,4688.0,4699.25,0.9586636165345533,0.9609641638225256,0.3,6.8851797011710865,4.41,1023.0,14858.0,3.33,150.0,0.9756208986765553,0.47278686455905544
025750,한솔홈데코,2026-06-18,2010.0,2010.0,2019.6,2050.4,0.9802965275068279,0.9952465834818777,0.33,0.0,0.0,0.0,6180.0,0.0,0.0,0.9911393663981394,0.47252253326879645
123690,한국화장품,2026-06-18,6850.0,6850.0,6958.0,7088.0,0.9664221218961625,0.9844782983615982,3.25,3.3524904214559386,97.0,70.0,2088.0,0.0,0.0,0.9833506359018347,0.4720557906498879
007310,오뚜기,2026-06-18,323000.0,323000.0,330500.0,333100.0,0.9696787751425998,0.9773071104387292,0.54,3.3624494695756275,15.93,20279.0,603102.0,2.79,9000.0,0.9832620807333665,0.47188691615527656
047400,유니온머티리얼,2026-06-18,1119.0,1119.0,1121.2,1234.75,0.9062563271917392,0.9980378166250445,2.4,12.633832976445397,18.97,59.0,467.0,0.0,0.0,0.962037915729228,0.4714045011630499
001130,대한제분,2026-06-18,11630.0,11630.0,11858.0,11793.0,0.9861782413296023,0.9807724742789677,0.19,0.0,0.0,0.0,61093.0,3.42,400.0,0.9906681822694072,0.47131616641267976
002450,삼익악기,2026-06-18,1228.0,1228.0,1279.2,1278.8,0.960275258054426,0.9599749843652282,0.33,6.273661438615467,5.31,232.0,3698.0,4.06,50.0,0.9761101079166032,0.470487065786809
006260,LS,2026-06-18,418500.0,418500.0,416300.0,444425.0,0.9416661978961579,1.0052846504924333,2.35,5.489741727691515,42.76,9903.0,180391.0,0.59,2500.0,0.9778571828251331,0.47040628325191414
178920,PI첨단소재,2026-06-18,22600.0,22600.0,23370.0,23932.5,0.9443225739057767,0.9670517757809157,1.88,8.557962626095584,21.93,1035.0,12094.0,1.54,350.0,0.9708296239141778,0.47023703454206267
007540,샘표,2026-06-18,42100.0,42100.0,42880.0,43897.5,0.9590523378324506,0.9818097014925373,0.39,4.505377747124722,8.72,4834.0,107294.0,0.47,200.0,0.9798142222851232,0.4696986877748201
025620,차AI헬스케어,2026-06-18,6380.0,6380.0,6430.0,6685.0,0.9543754674644727,0.9922239502332815,1.55,4.364600916325054,35.58,181.0,4147.0,0.0,0.0,0.9800763297510384,0.4695519843768361
103140,풍산,2026-06-18,73500.0,73500.0,75420.0,77240.0,0.9515794924909373,0.9745425616547335,0.87,6.4038413539821955,13.62,5388.0,84137.0,2.32,1700.0,0.9753003686862632,0.46917011682196286
070960,모나용평,2026-06-18,2530.0,2530.0,2562.0,2579.5,0.9808102345415778,0.9875097580015613,0.34,0.0,0.0,0.0,7586.0,0.0,0.0,0.9897921505946953,0.46907327342703414
032350,롯데관광개발,2026-06-18,17240.0,17240.0,17732.0,18233.5,0.9455123810568459,0.9722535528987142,3.69,7.611716912550781,48.43,356.0,4677.0,0.0,0.0,0.9723504041499011,0.4686339193632979
006060,화승인더스트리,2026-06-18,2660.0,2660.0,2739.0,2781.5,0.9563185331655581,0.9711573566995254,0.38,5.665519219736087,6.73,395.0,6972.0,7.74,206.0,0.9765826038453489,0.46816408759993255
130660,한전산업,2026-06-18,13300.0,13300.0,13700.0,13769.0,0.9659379766141332,0.9708029197080292,4.2,3.9469529523208084,106.32,125.0,3167.0,2.84,377.0,0.9804772489560545,0.46815233203842876
005500,삼진제약,2026-06-18,18840.0,18840.0,19274.0,20111.5,0.9367774656291177,0.9774826190723254,0.82,8.556359515299452,9.61,1963.0,22942.0,4.24,800.0,0.9698324349791831,0.46767463164689177
003470,유안타증권,2026-06-18,5000.0,5000.0,5151.0,5207.75,0.9601075320435889,0.9706853038245001,0.54,4.776280323450135,11.35,443.0,9275.0,4.37,220.0,0.9780522940992222,0.4667613204920029
000850,화천기공,2026-06-18,32400.0,32400.0,33140.0,33607.5,0.9640705199732202,0.9776704888352444,0.21,3.3525599481529484,6.28,5173.0,154300.0,4.0,1300.0,0.9810380591272272,0.4661353330185958
145720,덴티움,2026-06-18,44750.0,44750.0,45790.0,46300.0,0.9665226781857451,0.9772876173837083,0.68,2.917906099543071,23.41,1903.0,65218.0,1.35,600.0,0.9819665229140262,0.4659875591653921
003680,한성기업,2026-06-18,4520.0,4520.0,4576.0,4629.75,0.9762946163399752,0.9877622377622378,0.38,0.25165674020635853,150.67,30.0,11921.0,0.0,0.0,0.9880134633982034,0.4659811990227357
035510,신세계I&C,2026-06-18,15080.0,15080.0,15616.0,15842.0,0.9519000126246686,0.9656762295081968,0.46,6.542453116465376,7.01,2156.0,32954.0,3.71,560.0,0.9736993874966109,0.46587634159960084
084010,대한제강,2026-06-18,8650.0,8650.0,8818.0,8922.0,0.9695135619816184,0.9809480607847585,0.28,1.940235553680932,14.48,598.0,30821.0,5.77,500.0,0.9839062047739262,0.4652744054634798
078930,GS,2026-06-18,71100.0,71100.0,74260.0,74005.0,0.9607458955475981,0.9574468085106383,0.46,5.431318132940124,8.45,8435.0,155303.0,4.21,3000.0,0.9758463703573796,0.46491864194747723
006120,SK디스커버리,2026-06-18,45600.0,45600.0,46610.0,47660.0,0.9567771716323962,0.9783308302939283,0.29,4.391548744866222,6.54,6961.0,158509.0,4.4,2000.0,0.9781860768586902,0.46486893361873816
075180,새론오토모티브,2026-06-18,2840.0,2840.0,2929.0,2883.5,0.984914166811167,0.9696142027995903,0.22,0.0,0.0,0.0,12758.0,4.93,140.0,0.9880802955656567,0.46469043231762414
090370,메타랩스,2026-06-18,1154.0,1154.0,1143.4,1195.75,0.9650846748902363,1.0092705964666782,0.41,0.0,0.0,0.0,2808.0,0.0,0.0,0.9880503361363314,0.4646137275638723
017940,E1,2026-06-18,83100.0,83100.0,86440.0,86570.0,0.9599168303107312,0.9613604812586766,0.24,5.182357566659518,4.6,18124.0,349725.0,5.46,4550.0,0.9762156187771536,0.4644178099051623
032560,황금에스티,2026-06-18,5370.0,5370.0,5480.0,5630.5,0.9537341266317378,0.9799270072992701,0.24,4.675450579473846,5.06,1061.0,22693.0,2.79,150.0,0.9772644363305433,0.46415845716861864
016800,퍼시스,2026-06-18,26650.0,26650.0,26960.0,28295.0,0.9418625198798374,0.9885014836795252,0.4,5.953343515107957,6.7,3976.0,66786.0,3.75,1000.0,0.9742282978769146,0.4638083612770471
014130,한익스프레스,2026-06-18,2305.0,2305.0,2327.0,2366.75,0.9739093693884018,0.99054576708208,0.33,0.0,0.0,0.0,6976.0,0.0,0.0,0.9876093869419701,0.46348477083364414
000390,SP삼화,2026-06-18,6590.0,6590.0,6638.0,6872.5,0.9588941433248453,0.9927689062970775,0.53,2.463408781892346,21.4,308.0,12503.0,5.31,350.0,0.9820127442875226,0.4634657201594566
009070,케이씨티시,2026-06-18,4445.0,4445.0,4545.0,4716.25,0.9424860853432282,0.977997799779978,0.42,6.701421800947867,6.34,707.0,10550.0,1.67,75.0,0.9722744286090417,0.4631514876281651
383800,LX홀딩스,2026-06-18,7960.0,7960.0,8128.0,8456.0,0.9413434247871334,0.9793307086614174,0.31,6.778015148572539,4.58,1745.0,25745.0,3.63,290.0,0.9720828149792534,0.46310583308477954
002420,세기상사,2026-06-18,5540.0,5540.0,5440.0,5782.0,0.9581459702525078,1.0183823529411764,1.34,0.0,0.0,0.0,4112.0,0.0,0.0,0.9873697784198425,0.46287130411880467
008870,금비,2026-06-18,40500.0,40500.0,40580.0,42460.0,0.9538389072067829,0.9980285855101035,0.42,2.71962857879804,15.36,2636.0,96925.0,2.96,1200.0,0.9811063646833584,0.46263351085653454
002690,동일제강,2026-06-18,1387.0,1387.0,1406.6,1429.55,0.9702353887587003,0.9860656903170767,0.18,0.8887171561051005,20.1,69.0,7764.0,0.0,0.0,0.9852178129870702,0.4625242197906385
030610,교보증권,2026-06-18,10850.0,10850.0,11224.0,11459.5,0.9468126881626598,0.9666785459729151,0.59,6.7437276940286575,8.68,1266.0,18773.0,5.0,550.0,0.9717868736459683,0.4621489620428264
000070,삼양홀딩스,2026-06-18,55300.0,55300.0,56800.0,56390.0,0.9806703316190813,0.9735915492957746,0.21,0.0,0.0,0.0,261061.0,6.33,3500.0,0.9870632466549608,0.46208649465908186
226320,잇츠한불,2026-06-18,9810.0,9810.0,9918.0,10335.0,0.9492017416545718,0.9891107078039928,0.44,4.290041137380769,10.33,949.0,22121.0,2.81,275.0,0.9773270923166482,0.4620800275881765
214390,경보제약,2026-06-18,5470.0,5470.0,5520.0,5630.0,0.9715808170515098,0.9909420289855072,0.9,0.13123359580052493,683.75,8.0,6096.0,0.91,50.0,0.9867499420804695,0.46204668199956195
085310,엔케이,2026-06-18,10060.0,10060.0,10034.0,10413.0,0.9661000672236627,1.002591189954156,0.43,0.0,0.0,0.0,23370.0,1.0,100.0,0.9869959893014094,0.4619142964944857
002030,아세아,2026-06-18,190200.0,190200.0,196920.0,196240.0,0.9692213615980432,0.9658744667885436,0.27,2.5928726120647156,10.27,18725.0,722172.0,2.91,5600.0,0.9809107379614262,0.4613963236442352
003720,삼영,2026-06-18,8330.0,8330.0,8554.0,9310.5,0.8946887922238334,0.9738134206219312,3.24,15.414258188824661,21.05,400.0,2595.0,0.36,30.0,0.9517871125740073,0.46131101262777363
034310,NICE,2026-06-18,11800.0,11800.0,12064.0,12422.0,0.9499275478988891,0.9781167108753316,0.54,4.9584118376912825,10.95,1079.0,21761.0,4.74,560.0,0.9753420922151039,0.46088042797115875
003000,부광약품,2026-06-18,4505.0,4505.0,4629.0,4718.5,0.9547525696725654,0.9732123568805358,1.3,4.40324449594438,29.57,152.0,3452.0,2.78,125.0,0.9763402571928547,0.4602110452416688
005300,롯데칠성음료,2026-06-18,103500.0,103500.0,106080.0,107790.0,0.960200389646535,0.9756787330316742,0.68,3.1032181766528586,21.99,4697.0,151359.0,3.29,3400.0,0.9790615676787318,0.45962651798357446
078520,에이블씨엔씨,2026-06-18,10440.0,10440.0,10782.0,11689.5,0.8931092005646093,0.9682804674457429,3.03,15.884057971014492,19.07,548.0,3450.0,4.18,437.0,0.9499147709075844,0.45924635074672726
079430,현대리바트,2026-06-18,6250.0,6250.0,6438.0,6447.0,0.9694431518535753,0.970798384591488,0.3,1.7705075775799854,17.04,368.0,20785.0,2.07,130.0,0.9819206314994251,0.45920481559716686
010130,고려아연,2026-06-18,1211000.0,1211000.0,1243800.0,1296750.0,0.9338731443994602,0.9736292008361473,2.27,7.936354042756301,28.57,42566.0,536342.0,1.64,20000.0,0.9678443799580215,0.45898302176212763
003960,사조대림,2026-06-18,26300.0,26300.0,26540.0,27140.0,0.9690493736182756,0.9909570459683497,0.36,0.0,0.0,0.0,72933.0,0.95,250.0,0.9857311914719457,0.4586760503649758
005610,삼립,2026-06-18,40000.0,40000.0,40800.0,41752.5,0.9580264654811089,0.9803921568627451,0.67,2.915186911955296,23.12,1732.0,59413.0,2.5,1000.0,0.9791100920339395,0.45865847897523054
373220,LG에너지솔루션,2026-06-18,400000.0,400000.0,409400.0,410125.0,0.975312404754648,0.9770395701025891,4.61,0.0,0.0,0.0,86391.0,0.0,0.0,0.9855166405681064,0.4581267383581431
248070,솔루엠,2026-06-18,18230.0,18230.0,18690.0,18988.5,0.9600547699923638,0.9753879079721777,1.83,2.810843252975893,64.95,281.0,9997.0,0.41,75.0,0.978944728352309,0.4576289671457395
007570,일양약품,2026-06-18,8320.0,8320.0,8478.0,8701.0,0.9562119296632571,0.9813635291342298,0.64,2.8993350858203186,22.13,375.0,12934.0,1.87,155.0,0.9785664222730904,0.4571744446571981
000860,강남제비스코,2026-06-18,13050.0,13050.0,13316.0,13414.5,0.9728279100972828,0.9800240312406128,0.27,0.0,0.0,0.0,47663.0,1.91,250.0,0.985077298464074,0.45700189624126747
000230,일동홀딩스,2026-06-18,7030.0,7030.0,7270.0,7461.0,0.9422329446454899,0.9669876203576341,0.48,6.612870136086986,7.33,967.0,14623.0,1.41,100.0,0.9699526579939666,0.45669268982148564
012160,영흥,2026-06-18,376.0,376.0,376.0,390.7,0.9623752239570003,1.0,0.19,0.0,0.0,0.0,1994.0,0.0,0.0,0.9849500895828001,0.4566762049269495
112610,씨에스윈드,2026-06-18,45100.0,45100.0,47410.0,46557.5,0.9686946249261665,0.951276102088167,1.63,3.0079781499317186,54.12,837.0,27826.0,2.21,1000.0,0.9780899376852688,0.4565856156398821
004890,동일산업,2026-06-18,35550.0,35550.0,36100.0,36647.5,0.9700525274575347,0.9847645429362881,0.19,0.0,0.0,0.0,189781.0,2.79,1000.0,0.9848828747487434,0.456504115624486
007160,사조산업,2026-06-18,43150.0,43150.0,43720.0,44557.5,0.9684116029849071,0.9869624885635865,0.4,0.0,0.0,0.0,106906.0,0.46,200.0,0.9846591180048971,0.45593123402014374
000720,현대건설,2026-06-18,134400.0,134400.0,144800.0,138750.0,0.9686486486486486,0.9281767955801105,1.83,4.514233641173511,40.52,3319.0,73523.0,0.59,800.0,0.9743475187895078,0.4557537988720043
036460,한국가스공사,2026-06-18,34700.0,34700.0,36060.0,35660.0,0.9730790802019069,0.9622850804215197,0.28,1.1819929872186405,23.68,1463.0,123774.0,3.33,1154.0,0.9818578682192607,0.45562543699534663
372910,한컴라이프케어,2026-06-18,1986.0,1986.0,2001.8,2057.05,0.9654602464694586,0.9921071036067539,0.43,0.0,0.0,0.0,4590.0,0.0,0.0,0.9845207216570155,0.4555768995744119
002220,한일철강,2026-06-18,5120.0,5120.0,5428.0,5187.25,0.987035519784086,0.9432571849668386,0.75,0.0,0.0,0.0,6789.0,0.59,30.0,0.9845190610885421,0.4555726480416321
018670,SK가스,2026-06-18,215500.0,215500.0,224100.0,230275.0,0.935837585495603,0.961624274877287,0.66,8.036819045689144,8.23,26176.0,325701.0,4.18,9000.0,0.9662482594220838,0.4554800963410386
214420,토니모리,2026-06-18,5380.0,5380.0,5582.0,5803.5,0.9270267941759284,0.9638122536725188,1.09,9.437019036046983,11.55,466.0,4938.0,0.93,50.0,0.9630207027678259,0.455350397597297
010950,S-Oil,2026-06-18,106600.0,106600.0,111120.0,109945.0,0.9695756969393787,0.9593232541396688,1.4,1.989808616827572,70.18,1519.0,76339.0,0.31,330.0,0.9798688171888812,0.4552255026862421
000040,KR모터스,2026-06-18,334.0,334.0,339.4,344.7,0.9689585146504207,0.9840895698291102,0.66,0.0,0.0,0.0,506.0,0.0,0.0,0.9843034662954935,0.4550206633782584
001340,PKC,2026-06-18,5810.0,5810.0,6116.0,6056.5,0.9592999256996615,0.9499672988881622,1.15,4.528376507810955,25.46,229.0,5057.0,0.51,30.0,0.973910041679137,0.45471588771488186
001500,현대차증권,2026-06-18,9110.0,9110.0,9414.0,9563.5,0.9525801223401474,0.9677076694285107,0.39,4.322680147373833,9.03,1009.0,23342.0,4.06,370.0,0.9743716607881776,0.45470287335931664
003520,영진약품,2026-06-18,1265.0,1265.0,1274.2,1312.4,0.9638829625114294,0.9927797833935018,2.54,0.0,0.0,0.0,500.0,0.0,0.0,0.9840250782043425,0.4543079098158542
006880,신송홀딩스,2026-06-18,5220.0,5220.0,5288.0,5513.25,0.9468099578288668,0.9871406959152799,0.53,3.375738755885004,15.58,337.0,9983.0,2.29,120.0,0.9759419698096314,0.4532225249143242
064400,LG씨엔에스,2026-06-18,89200.0,89200.0,92780.0,99650.0,0.8951329653788259,0.9614140978659194,2.96,15.02808060786257,19.67,4549.0,30270.0,2.07,1850.0,0.9492719409072085,0.45262814088926157
002020,코오롱,2026-06-18,53700.0,53700.0,53680.0,56052.5,0.9580304179117791,1.0003725782414308,0.41,0.0,0.0,0.0,132503.0,1.02,550.0,0.983292990769844,0.45243355547557784
361610,SK아이이테크놀로지,2026-06-18,18450.0,18450.0,19114.0,18929.5,0.9746691671729312,0.9652610651878204,0.58,0.0,0.0,0.0,31808.0,0.0,0.0,0.9830553157813839,0.45182503916290484
210540,디와이파워,2026-06-18,11860.0,11860.0,12310.0,12737.0,0.9311454816675826,0.9634443541835905,0.42,8.0435012887963,5.21,2278.0,28321.0,4.21,500.0,0.9646568613913666,0.4514444769945289
272550,삼양패키징,2026-06-18,8850.0,8850.0,9142.0,9336.0,0.9479434447300771,0.968059505578648,0.35,4.51174771680587,7.66,1156.0,25622.0,5.65,500.0,0.9725237924645838,0.451070094320067
012690,모나리자,2026-06-18,1690.0,1690.0,1716.6,1770.15,0.9547213512979126,0.9845042525923338,0.71,1.7147636971978253,41.68,41.0,2391.0,2.93,50.0,0.9786018821206065,0.45038404619481287
002200,한국수출포장공업,2026-06-18,2495.0,2495.0,2542.0,2584.75,0.9652771061031048,0.9815106215578285,0.31,0.0,0.0,0.0,8011.0,3.21,80.0,0.982290646075233,0.44986726483833417
002820,SUN&L,2026-06-18,1992.0,1992.0,1994.4,2084.25,0.9557394746311623,0.9987966305655835,0.11,0.0,0.0,0.0,18273.0,0.0,0.0,0.9820343655289867,0.4492111129477964
002620,제일파마홀딩스,2026-06-18,7170.0,7170.0,7272.0,7660.0,0.9360313315926893,0.985973597359736,0.34,4.589895487164668,7.51,953.0,20763.0,0.98,70.0,0.9713230618100974,0.4484498396827328
016610,DB증권,2026-06-18,10290.0,10290.0,10750.0,11011.5,0.9344775916087726,0.9572093023255814,0.38,7.382745697340173,5.09,2029.0,27483.0,5.33,550.0,0.9648264214262257,0.4480402642563584
003530,한화투자증권,2026-06-18,5670.0,5670.0,5856.0,6016.5,0.9424083769633508,0.9682377049180327,0.6,4.924082665541966,12.16,467.0,9484.0,0.0,0.0,0.9702719672539859,0.44770003171216594
210980,SK디앤디,2026-06-18,11280.0,11280.0,11494.0,11800.0,0.9559322033898305,0.9813815903949887,0.37,1.2436349392871133,29.53,381.0,30636.0,1.78,200.0,0.9784560728810611,0.4472739414157763
025820,이구산업,2026-06-18,4685.0,4685.0,4787.0,5079.25,0.9223802726780529,0.978692291623146,1.08,7.508610792192883,14.39,327.0,4355.0,1.91,90.0,0.9642001660355601,0.4471680218496711
000210,DL,2026-06-18,51700.0,51700.0,53960.0,53117.5,0.9733138796065327,0.958117123795404,0.29,0.0,0.0,0.0,177828.0,0.0,0.0,0.9812146993725499,0.4471125318965488
000180,성창기업지주,2026-06-18,5180.0,5180.0,5168.0,5444.75,0.951375177923688,1.0023219814241486,0.11,0.0,0.0,0.0,48555.0,0.0,0.0,0.98106167684751,0.44672075023161
101140,인바이오젠,2026-06-18,6710.0,6710.0,6920.0,6934.5,0.9676256399163602,0.9696531791907514,0.43,0.0,0.0,0.0,15788.0,0.0,0.0,0.9809555097929137,0.4464489320440553
267290,경동도시가스,2026-06-18,19510.0,19510.0,20112.0,20998.5,0.9291139843322143,0.9700676213206046,0.24,6.911682677409359,3.51,5576.0,80675.0,4.47,875.0,0.9651536522980417,0.4461416600551654
298690,에어부산,2026-06-18,1694.0,1694.0,1753.0,1748.8,0.9686642268984447,0.966343411294923,1.22,0.0,0.0,0.0,1383.0,0.0,0.0,0.9807667055143738,0.44596553880129824
014280,금강공업,2026-06-18,4380.0,4380.0,4537.0,4522.75,0.9684373445359571,0.9653956358827419,0.35,0.0,0.0,0.0,12448.0,2.74,120.0,0.9804976767040412,0.4452767476890019
003620,KG모빌리티,2026-06-18,3115.0,3115.0,3206.0,3285.5,0.9481053112159489,0.9716157205240175,0.42,3.162486368593239,13.41,232.0,7336.0,0.0,0.0,0.9732905402127516,0.44519531770245635
009900,명신산업,2026-06-18,8420.0,8420.0,8660.0,9204.0,0.914819643633203,0.9722863741339491,0.59,9.037900874635568,6.47,1302.0,14406.0,1.19,100.0,0.9597299296520341,0.4446065911807604
081000,일진다이아,2026-06-18,10480.0,10480.0,10688.0,11017.5,0.9512139777626504,0.9805389221556886,0.36,1.664713586544427,21.74,483.0,29014.0,2.86,300.0,0.9763605668173523,0.4443548929961563
011150,CJ씨푸드,2026-06-18,2035.0,2035.0,2096.0,2148.2,0.9473047202308911,0.9708969465648855,0.84,3.187576624438088,26.28,78.0,2447.0,0.0,0.0,0.9728184025539578,0.44413225905744025
001250,GS글로벌,2026-06-18,3025.0,3025.0,3140.0,3191.75,0.9477559332654499,0.9633757961783439,0.46,3.6648418491484183,12.66,241.0,6576.0,0.82,25.0,0.9715400073537519,0.44363163773900577
298050,HS효성첨단소재,2026-06-18,197500.0,197500.0,202480.0,205265.0,0.9621708523128638,0.9754049782694587,1.09,0.0,0.0,0.0,180761.0,1.27,2500.0,0.9798158561795156,0.4435310910922464
041650,상신브레이크,2026-06-18,2290.0,2290.0,2330.0,2390.0,0.9581589958158996,0.9828326180257511,0.21,0.0,0.0,0.0,10944.0,2.18,50.0,0.9796577298112665,0.44312624212110835
005800,신영와코루,2026-06-18,13030.0,13030.0,13444.0,13635.0,0.9556288962229557,0.9692055935733412,0.3,1.6134259259259258,18.75,697.0,43200.0,1.34,175.0,0.9759201291546391,0.4429293154514518
001750,한양증권,2026-06-18,20800.0,20800.0,21900.0,22632.5,0.9190323649618911,0.9497716894977168,0.47,9.945089852967872,4.73,4383.0,44072.0,7.71,1600.0,0.9569170289421958,0.442674625476511
001770,SHD,2026-06-18,13010.0,13010.0,13170.0,13912.5,0.935130278526505,0.9878511769172361,0.28,3.5523199719322864,7.85,1620.0,45604.0,1.57,200.0,0.9713629972554629,0.44252480039058745
006360,GS건설,2026-06-18,27950.0,27950.0,29660.0,28970.0,0.9647911632723507,0.9423465947403911,0.5,1.9003931847968545,26.19,1073.0,56462.0,1.78,500.0,0.974935053841128,0.44207423478761715
051900,LG생활건강,2026-06-18,236500.0,236500.0,242200.0,246350.0,0.960016237061092,0.976465730800991,0.73,0.0,0.0,0.0,325224.0,0.85,2000.0,0.9791410581274385,0.4418034140442346
000520,삼일제약,2026-06-18,7020.0,7020.0,7238.0,7290.0,0.9629629629629629,0.9698811826471401,1.13,0.0,0.0,0.0,6277.0,0.0,0.0,0.9790754859943197,0.44163553052852245
004840,DRB동일,2026-06-18,4325.0,4325.0,4469.0,4516.0,0.9577059344552702,0.9677780264041173,0.21,1.10655346751884,18.56,232.0,20966.0,1.86,80.0,0.9765038397574394,0.441479355760284
241590,화승엔터프라이즈,2026-06-18,3480.0,3480.0,3618.0,3601.25,0.9663311350225616,0.9618573797678275,0.46,0.0,0.0,0.0,7621.0,1.44,50.0,0.9789748929769756,0.441377983479119
090430,아모레퍼시픽,2026-06-18,106000.0,106000.0,110160.0,112495.0,0.9422641006266945,0.9622367465504721,1.34,4.324652799756929,30.97,3416.0,78989.0,1.17,1240.0,0.9690394567040065,0.44106235681156203
499790,GS피앤엘,2026-06-18,44350.0,44350.0,47100.0,46120.0,0.9616218560277537,0.9416135881104034,1.02,2.2657316762711472,45.05,979.0,43209.0,0.79,350.0,0.9734677192148977,0.4404396908082871
452260,한화갤러리아,2026-06-18,2680.0,2680.0,2752.0,2799.0,0.9574848160057163,0.9738372093023255,0.64,0.4054376341521584,158.82,17.0,4193.0,0.0,0.0,0.9775856410512059,0.4401762899463146
003240,태광산업,2026-06-18,895000.0,895000.0,926600.0,940050.0,0.9520770171799372,0.965896827109864,0.19,2.05657668523517,9.37,96033.0,4669556.0,0.19,1750.0,0.9738149964308032,0.4401138371115675
025860,남해화학,2026-06-18,6320.0,6320.0,6442.0,6823.0,0.9262787630074747,0.9810617820552623,0.55,5.305873112837071,10.38,608.0,11459.0,1.43,90.0,0.966300853492281,0.4397506627568424
014990,인디에프,2026-06-18,480.0,480.0,480.0,507.5,0.9458128078817734,1.0,0.95,0.0,0.0,0.0,505.0,0.0,0.0,0.9783251231527094,0.4397143858910408
005380,현대자동차,2026-06-18,603000.0,603000.0,623000.0,657700.0,0.9168313820890984,0.9678972712680578,1.37,8.210383104192783,16.71,36088.0,439541.0,1.66,10000.0,0.9596345160222001,0.4395552466690718
000150,두산,2026-06-18,1622000.0,1622000.0,1710000.0,1717950.0,0.9441485491428738,0.9485380116959065,18.6,4.8398723097518275,384.4,4230.0,87399.0,0.25,4000.0,0.9672717636228001,0.43952946900783657
047050,포스코인터내셔널,2026-06-18,57000.0,57000.0,60260.0,61815.0,0.9221062848823102,0.9459010952538998,1.46,9.154428578687941,15.93,3603.0,39358.0,3.22,1850.0,0.9574783745348522,0.43951887314037036
004540,깨끗한나라,2026-06-18,1590.0,1590.0,1589.6,1683.1,0.9446854019369022,1.0002516356316056,0.35,0.0,0.0,0.0,4539.0,0.0,0.0,0.9779300794717682,0.4387029604750616
004430,송원산업,2026-06-18,10160.0,10160.0,10444.0,10617.5,0.9569107605368495,0.9728073535044044,0.32,0.30627387831138897,105.57,97.0,31671.0,2.93,300.0,0.9771480334824402,0.438479845587432
005250,녹십자홀딩스,2026-06-18,11440.0,11440.0,11306.0,12200.0,0.9377049180327869,1.0118521139218115,0.58,0.0,0.0,0.0,19826.0,2.61,300.0,0.9777997929432509,0.43836938949883897
027410,BGF,2026-06-18,4080.0,4080.0,4205.0,4334.5,0.9412850386434422,0.9702734839476813,0.22,3.3094141587233588,6.63,618.0,18674.0,3.17,130.0,0.9702134616917141,0.43817061674710545
008250,이건산업,2026-06-18,2835.0,2835.0,2865.0,2985.25,0.9496692069340926,0.9895287958115183,0.16,0.0,0.0,0.0,17234.0,3.52,100.0,0.9776047240994225,0.43786995716759963
016380,KG스틸,2026-06-18,5590.0,5590.0,5978.0,5955.5,0.9386281588447654,0.935095349615256,0.26,6.564943015917867,4.03,1394.0,21234.0,5.34,300.0,0.9625684178960949,0.4375085027979982
377740,바이오노트,2026-06-18,4650.0,4650.0,4821.0,4837.5,0.9612403100775194,0.9645301804604853,0.31,0.0,0.0,0.0,15047.0,4.89,228.0,0.97735376719102,0.4372274353207265
005010,휴스틸,2026-06-18,4670.0,4670.0,4691.0,4938.0,0.9457270149858242,0.9955233425708804,0.25,0.0,0.0,0.0,18820.0,0.0,0.0,0.9773059050970038,0.43710489459754714
014530,극동유화,2026-06-18,3195.0,3195.0,3262.0,3360.25,0.9508221114500409,0.9794604537093807,0.54,0.577445652173913,93.97,34.0,5888.0,6.26,200.0,0.9759807138594355,0.43706641097316856
023810,인팩,2026-06-18,5210.0,5210.0,5506.0,5663.5,0.9199258409110974,0.9462404649473302,0.4,9.044846101489828,4.4,1196.0,13223.0,3.42,180.0,0.9566204156330048,0.4366856860527172
097950,CJ제일제당,2026-06-18,193200.0,193200.0,198340.0,202145.0,0.9557495856934379,0.9740849047090854,0.44,0.0,0.0,0.0,440524.0,3.11,6000.0,0.9769216940189014,0.43612120375969415
012330,현대모비스,2026-06-18,604000.0,604000.0,628400.0,655850.0,0.9209422886330716,0.9611712285168682,1.1,7.411417947671518,14.86,40861.0,551325.0,1.07,6500.0,0.9599611041147713,0.435750210302657
286940,롯데이노베이트,2026-06-18,19540.0,19540.0,19968.0,20784.5,0.9401236498352138,0.9785657051282052,0.69,2.332599588155933,29.73,657.0,28166.0,3.58,700.0,0.971425790321745,0.43560020199826266
024720,콜마홀딩스,2026-06-18,8100.0,8100.0,8280.0,8694.5,0.931623440105814,0.9782608695652174,0.45,3.8101082226932945,11.87,683.0,17926.0,3.33,270.0,0.967886995026841,0.43512272944991653
068290,삼성출판사,2026-06-18,6420.0,6420.0,6656.0,6788.5,0.9457170214333064,0.9645432692307693,0.39,2.468910021945867,15.98,405.0,16404.0,3.09,200.0,0.9709186403334826,0.4350935807378591
019170,신풍제약,2026-06-18,8970.0,8970.0,9164.0,9602.5,0.9341317365269461,0.9788302051505893,1.71,3.2656161002468194,52.33,172.0,5267.0,0.0,0.0,0.9690320465477866,0.43489143095256166
023800,인지컨트롤스,2026-06-18,5660.0,5660.0,5812.0,6187.0,0.9148213997090674,0.973847212663455,0.39,7.13064880016408,5.47,1043.0,14627.0,4.74,270.0,0.960063944213557,0.434382520019365
001680,대상,2026-06-18,17890.0,17890.0,18432.0,18720.5,0.9556368686733795,0.9705946180555556,0.61,0.0,0.0,0.0,29733.0,4.7,850.0,0.9761924055653117,0.43425401561537685
000020,동화약품,2026-06-18,5210.0,5210.0,5322.0,5554.0,0.9380626575441123,0.9789552799699361,0.38,2.2860064271107214,16.68,313.0,13692.0,1.25,65.0,0.9706644895520014,0.4333803930273451
000490,대동,2026-06-18,7890.0,7890.0,8128.0,8270.5,0.9539931080345807,0.9707185039370079,0.44,0.0,0.0,0.0,17840.0,1.26,100.0,0.9755391369429436,0.4325814600980964
067830,세이브존I&C,2026-06-18,2375.0,2375.0,2451.0,2511.0,0.9458383114297093,0.9689922480620154,0.18,1.5697986063251397,11.59,205.0,13059.0,1.26,30.0,0.9718374037953932,0.43222293307259413
020000,한섬,2026-06-18,21450.0,21450.0,22350.0,22800.0,0.9407894736842105,0.959731543624161,0.32,3.217610927622435,9.99,2153.0,66913.0,3.49,750.0,0.9679441893323913,0.43182734119317256
063160,종근당바이오,2026-06-18,15620.0,15620.0,15934.0,16477.0,0.9479881046306974,0.9802937115601857,0.68,0.0,0.0,0.0,23156.0,0.0,0.0,0.9749942156476487,0.43118630489283766
003920,남양유업,2026-06-18,42650.0,42650.0,43260.0,45327.5,0.9409298990678948,0.9858992140545538,0.36,0.7380380488534646,48.37,888.0,120319.0,3.32,1428.0,0.9732945336723771,0.4311218999761511
021050,서원,2026-06-18,1184.0,1184.0,1182.4,1264.35,0.9364495590619687,1.0013531799729363,0.39,0.0,0.0,0.0,3073.0,0.0,0.0,0.974885542657705,0.430908070790225
001790,대한제당,2026-06-18,2385.0,2385.0,2447.0,2509.5,0.9503885236102809,0.9746628524724152,0.46,0.0,0.0,0.0,5203.0,5.03,120.0,0.9748355676300919,0.4307801203494745
007070,GS리테일,2026-06-18,23650.0,23650.0,24510.0,24965.0,0.9473262567594632,0.9649122807017544,0.6,1.3230542197796604,45.38,520.0,39303.0,2.54,600.0,0.9716571621322483,0.4303281222230189
007120,미래아이앤지,2026-06-18,1248.0,1248.0,1279.8,1314.2,0.9496271495967128,0.9751523675574308,0.7,0.0,0.0,0.0,1780.0,0.0,0.0,0.9746211724748024,0.43023120710371376
009290,광동제약,2026-06-18,6110.0,6110.0,6258.0,6591.5,0.9269513767731169,0.976350271652285,0.46,3.9466707067646394,11.69,521.0,13201.0,1.64,100.0,0.9655719774493852,0.4299889114805463
006800,미래에셋증권,2026-06-18,50300.0,50300.0,51180.0,57182.5,0.8796397499234906,0.9828057835091832,2.21,11.714085001756235,18.89,2668.0,22776.0,0.6,300.0,0.9476950995375915,0.42933994323876323
001120,LX인터내셔널,2026-06-18,38200.0,38200.0,40260.0,40967.5,0.9324464514554219,0.9488325881768505,0.5,5.116194578883857,9.71,3943.0,77069.0,5.22,2000.0,0.9623916380955897,0.428640102954068
267250,HD현대,2026-06-18,242500.0,242500.0,257800.0,266075.0,0.9113971624541952,0.9406516679596586,1.69,9.516391553093543,17.76,13623.0,143153.0,1.65,4000.0,0.9519508993006472,0.4274695933231034
108320,LX세미콘,2026-06-18,47750.0,47750.0,49380.0,52440.0,0.9105644546147978,0.9669906844876468,0.69,7.341742887280188,9.42,5081.0,69207.0,3.13,1500.0,0.9568534495941898,0.42738897808644666
009160,SIMPAC,2026-06-18,4480.0,4480.0,4523.0,4863.25,0.9211946743432889,0.9904930355958435,0.37,3.12807881773399,11.8,381.0,12180.0,6.67,300.0,0.9663104206481039,0.427124330746713
137310,에스디바이오센서,2026-06-18,7040.0,7040.0,7140.0,7482.0,0.9409248863940123,0.9859943977591037,0.36,0.0,0.0,0.0,19476.0,2.85,200.0,0.9733127573403059,0.4268812881313892
001080,만호제강,2026-06-18,4330.0,4330.0,4284.0,4672.5,0.9266987693953986,1.0107376283846872,0.78,0.0,0.0,0.0,5544.0,0.0,0.0,0.9731841500645202,0.42655201652502
088790,진도,2026-06-18,2485.0,2485.0,2583.0,2666.25,0.9320206282231599,0.962059620596206,0.28,3.687150837988827,7.53,330.0,8950.0,6.04,150.0,0.9647463208809304,0.42636743999628507
011210,현대위아,2026-06-18,77600.0,77600.0,81160.0,82580.0,0.9396948413659482,0.9561360275998029,0.58,2.7373848987108653,21.04,3716.0,135750.0,1.53,1200.0,0.9668034378241104,0.42611705198646155
001780,알루코,2026-06-18,1984.0,1984.0,2025.8,2164.3,0.9166936191840317,0.9793661763254023,0.59,4.746366063482646,12.49,160.0,3371.0,0.0,0.0,0.9620225150176227,0.42554670455728405
010820,퍼스텍,2026-06-18,7690.0,7690.0,8104.0,8939.5,0.8602270820515688,0.9489141164856861,4.55,17.9183914843288,25.41,303.0,1691.0,0.0,0.0,0.9319638286922395,0.4251042386809055
001420,태원물산,2026-06-18,2340.0,2340.0,2368.0,2497.5,0.9369369369369369,0.9881756756756757,0.41,0.0,0.0,0.0,5683.0,8.6,200.0,0.9721646646646647,0.4239418407536292
307950,현대오토에버,2026-06-18,665000.0,665000.0,700400.0,737150.0,0.9021230414433968,0.9494574528840662,9.89,9.878705999376457,100.09,6654.0,67357.0,0.29,1900.0,0.9497328044985331,0.42389532071053987
020120,키다리스튜디오,2026-06-18,3165.0,3165.0,3233.0,3429.5,0.9228750546726928,0.9789669038045159,0.58,3.263445761166819,17.65,179.0,5485.0,0.0,0.0,0.9644613494557668,0.4231765245973831
460850,동국씨엠,2026-06-18,5170.0,5170.0,5314.0,5480.0,0.9434306569343066,0.9729017689123071,0.16,0.0,0.0,0.0,32899.0,5.79,300.0,0.9716242730262163,0.42255828277237717
001520,동양,2026-06-18,559.0,559.0,580.8,598.95,0.9332999415644043,0.962465564738292,0.15,2.7544596012591813,5.34,105.0,3812.0,0.0,0.0,0.965358126721763,0.4225158270736397
026890,스틱인베스트먼트,2026-06-18,6860.0,6860.0,7060.0,7529.5,0.9110830732452354,0.9716713881019831,0.98,5.913216108905275,16.55,417.0,7052.0,0.0,0.0,0.9580609376490243,0.4221821697885855
034220,LG디스플레이,2026-06-18,13400.0,13400.0,13826.0,14471.0,0.9259899108561952,0.9691884854621727,1.02,3.429739551786796,29.62,453.0,13208.0,0.0,0.0,0.9636843303070874,0.4221531342767751
004090,한국석유공업,2026-06-18,11580.0,11580.0,11916.0,12459.0,0.9294485913797255,0.9718026183282981,0.72,2.5495049504950495,28.16,412.0,16160.0,1.03,120.0,0.9656483901638462,0.4220684015363989
002780,진흥기업,2026-06-18,895.0,895.0,912.6,953.35,0.9387947763150993,0.9807144422529037,0.55,0.0,0.0,0.0,1644.0,0.0,0.0,0.9713310621629868,0.42180757865124036
102460,이연제약,2026-06-18,9760.0,9760.0,9880.0,10438.5,0.9350002394980121,0.9878542510121457,0.81,0.0,0.0,0.0,12010.0,0.0,0.0,0.9713110082400891,0.42175623484222025
001380,SG글로벌,2026-06-18,1470.0,1470.0,1493.0,1588.55,0.9253721947688144,0.9845947756195579,0.22,1.831069108092144,11.87,124.0,6772.0,0.0,0.0,0.9666971883077455,0.42058022608035667
004150,한솔홀딩스,2026-06-18,3505.0,3505.0,3560.0,3746.25,0.9356022689356023,0.9845505617977528,0.26,0.0,0.0,0.0,13574.0,3.69,130.0,0.9708437838587651,0.4205600060780735
170900,동아에스티,2026-06-18,36000.0,36000.0,36630.0,38450.0,0.9362808842652796,0.9828009828009828,0.54,0.0,0.0,0.0,66929.0,1.94,700.0,0.9707469095765584,0.42031198005992476
006740,블루산업개발,2026-06-18,5550.0,5550.0,5550.0,5989.0,0.9266989480714644,1.0,0.31,0.0,0.0,0.0,18077.0,0.0,0.0,0.9706795792285857,0.42013959500862097
446070,유니드비티플러스,2026-06-18,2300.0,2300.0,2397.0,2428.5,0.9470866790199711,0.9595327492699207,0.13,0.0,0.0,0.0,18087.0,0.0,0.0,0.9705312616681909,0.4197598594060619
017670,SK텔레콤,2026-06-18,96800.0,96800.0,100860.0,104060.0,0.9302325581395349,0.959746182827682,1.6,3.021773325606424,53.04,1825.0,60395.0,1.71,1660.0,0.9635471138864996,0.4194319413009441
004060,SG세계물산,2026-06-18,2835.0,2835.0,2956.0,3002.5,0.9442131557035803,0.9590663058186739,0.22,0.3032600454890068,71.13,40.0,13190.0,0.0,0.0,0.9692449458559004,0.41822816138944874
214330,금호에이치티,2026-06-18,2555.0,2555.0,2555.0,2765.25,0.9239670915830395,1.0,0.18,0.0,0.0,0.0,14000.0,0.0,0.0,0.9695868366332158,0.417341859751985
002390,한독,2026-06-18,7740.0,7740.0,7970.0,8243.0,0.9389785272352299,0.9711417816813049,0.36,0.0,0.0,0.0,21292.0,2.57,200.0,0.969437464981123,0.4169594253715806
403550,쏘카,2026-06-18,11290.0,11290.0,11412.0,12149.0,0.9292945921475019,0.9893094987732212,2.26,0.0,0.0,0.0,5020.0,0.81,92.0,0.9693203276284071,0.4166595200663872
363280,티와이홀딩스,2026-06-18,1981.0,1981.0,2036.2,2112.45,0.9377736751165708,0.9728906787152539,0.09,0.0,0.0,0.0,22503.0,0.0,0.0,0.9692961956738493,0.4165977353237002
008730,율촌화학,2026-06-18,17780.0,17780.0,18604.0,18962.5,0.9376400791034938,0.9557084497957429,1.52,1.425782907578715,106.43,168.0,11783.0,1.4,250.0,0.9658627758761273,0.4160895791344199
000670,영풍,2026-06-18,46700.0,46700.0,47940.0,49865.0,0.936528627293693,0.9741343345848978,0.24,0.0,0.0,0.0,195772.0,0.01,5.0,0.9690389081809998,0.4159390053603159
000760,이화산업,2026-06-18,12460.0,12460.0,12636.0,13393.5,0.9303020121700825,0.9860715416270972,0.26,0.0,0.0,0.0,47844.0,0.0,0.0,0.9690200108761351,0.4158906228260399
475560,더본코리아,2026-06-18,15620.0,15620.0,16026.0,16693.5,0.935693533411208,0.9746661674778485,0.94,0.0,0.0,0.0,16648.0,3.21,500.0,0.9688054512280155,0.4153412884313353
120110,코오롱인더,2026-06-18,67100.0,67100.0,71440.0,70665.0,0.9495506969503997,0.9392497200447928,0.52,0.17346521829634026,300.44,225.0,129709.0,1.92,1300.0,0.9679367279442322,0.4141247680437902
002630,오리엔트바이오,2026-06-18,900.0,900.0,954.2,949.05,0.948316737790422,0.9431984908824146,0.74,0.0,0.0,0.0,1212.0,0.0,0.0,0.9680896861737247,0.4135087240778066
018470,조일알미늄,2026-06-18,1120.0,1120.0,1137.8,1234.3,0.9073969051284129,0.9843557743012832,0.68,3.8066465256797586,17.86,63.0,1655.0,0.0,0.0,0.9593406783861658,0.4132215923714449
003220,대원제약,2026-06-18,8810.0,8810.0,9118.0,9395.5,0.9376829333191421,0.9662206624259706,0.71,0.0,0.0,0.0,12407.0,2.83,250.0,0.9679182310993479,0.41306974978638106
001530,디아이동일,2026-06-18,22750.0,22750.0,23310.0,24390.0,0.932759327593276,0.975975975975976,0.91,0.0,0.0,0.0,25027.0,0.44,100.0,0.9678734084638144,0.41295499095089794
001460,BYC,2026-06-18,35350.0,35350.0,37040.0,38275.0,0.9235793598954931,0.9543736501079914,0.52,3.4408570888633685,15.02,2367.0,68791.0,1.13,400.0,0.959717593069367,0.4120617282064435
027970,한국제지,2026-06-18,607.0,607.0,614.0,656.2,0.9250228588844863,0.988599348534202,0.29,0.0,0.0,0.0,2136.0,0.0,0.0,0.9674357444451173,0.41183444521500534
280360,롯데웰푸드,2026-06-18,101500.0,101500.0,106240.0,109915.0,0.9234408406495929,0.9553840361445783,0.41,3.2993285123966944,12.44,8176.0,247808.0,3.24,3300.0,0.9598564508911323,0.4115951033822848
011500,한농화성,2026-06-18,16100.0,16100.0,16702.0,17425.5,0.9239333161171845,0.9639564124057,1.45,2.268651362984218,63.75,253.0,11152.0,0.25,40.0,0.9617660026183072,0.41049689203927164
000990,DB하이텍,2026-06-18,152200.0,152200.0,160840.0,173515.0,0.8771575944442843,0.9462820193981597,3.05,12.488574494297183,24.42,6285.0,50326.0,0.53,810.0,0.9385498357924272,0.4104244548173448
079980,휴비스,2026-06-18,1997.0,1997.0,2046.4,2158.55,0.9251580922378447,0.9758600469116497,0.27,0.9423944783647464,28.31,71.0,7534.0,0.0,0.0,0.9647335584335247,0.41039045004055974
003670,포스코퓨처엠,2026-06-18,200500.0,201000.0,205880.0,215545.0,0.9302001902155003,0.9738682727802603,4.38,0.11152172486934464,3931.37,51.0,45731.0,0.12,250.0,0.9663850338159212,0.4097921545823156
460860,동국제강,2026-06-18,9660.0,9660.0,9950.0,10388.0,0.9299191374663073,0.9708542713567839,0.25,0.4365089799889558,58.37,166.0,38029.0,4.13,400.0,0.965646948643874,0.40979029820209895
084690,대상홀딩스,2026-06-18,8210.0,8210.0,8396.0,8842.5,0.9284704551880124,0.9778465936160077,0.49,0.0,0.0,0.0,16654.0,3.66,300.0,0.966510048338109,0.4094643970019303
007280,한국특강,2026-06-18,2115.0,2115.0,2198.0,2278.75,0.9281404278661547,0.9622383985441311,0.28,1.3905602353255784,20.43,104.0,7479.0,18.82,400.0,0.9631686013864897,0.4089871089245497
002870,신풍,2026-06-18,901.0,901.0,920.2,987.95,0.9119894731514753,0.9791349706585525,0.34,2.708803611738149,12.54,72.0,2658.0,0.0,0.0,0.96005044441244,0.4086614181106981
456040,OCI,2026-06-18,104000.0,104000.0,104240.0,113510.0,0.9162188353449036,0.9976976208749041,0.83,0.0,0.0,0.0,125846.0,0.0,0.0,0.9659518471262991,0.40803524139182173
018260,삼성에스디에스,2026-06-18,219000.0,219000.0,233200.0,242365.0,0.9035958162275907,0.9391080617495712,1.71,7.6592458540694865,22.35,9819.0,128198.0,1.45,3190.0,0.9483388906465905,0.407433636457614
004410,서울식품공업,2026-06-18,1042.0,1042.0,1059.0,1128.65,0.9232268639525095,0.983947119924457,1.53,0.0,0.0,0.0,680.0,0.0,0.0,0.9656839145365198,0.4073492569193545
069640,한세엠케이,2026-06-18,1031.0,1031.0,1037.4,1124.45,0.9168927030992929,0.9938307306728359,1.16,0.0,0.0,0.0,890.0,0.0,0.0,0.9653321882369534,0.40644873645538393
005490,POSCO홀딩스,2026-06-18,369500.0,369500.0,383200.0,399075.0,0.9258911232224519,0.9642484342379958,0.5,1.180103912104851,42.66,8697.0,736969.0,2.7,10000.0,0.962637264514482,0.4064041910714447
001290,상상인증권,2026-06-18,919.0,919.0,943.2,992.1,0.9263179115008567,0.9743426632739609,0.5,0.0,0.0,0.0,1839.0,0.0,0.0,0.9648898435041406,0.4053162067454401
000650,천일고속,2026-06-18,192300.0,192300.0,197140.0,207735.0,0.9256986063975738,0.9754489195495587,28.62,0.0,0.0,0.0,6716.0,0.0,0.0,0.964868360081722,0.4052612030066014
006890,태경케미컬,2026-06-18,6240.0,6240.0,6448.0,6927.5,0.9007578491519307,0.967741935483871,0.42,5.176122613605808,8.12,770.0,14876.0,2.88,180.0,0.952958405606454,0.4048364377981965
018880,한온시스템,2026-06-18,4620.0,4620.0,5011.0,4876.5,0.9474007997539219,0.9219716623428458,1.26,0.0,0.0,0.0,3671.0,0.0,0.0,0.9642155002253527,0.4035896940478165
055490,테이팩스,2026-06-18,17050.0,17050.0,17590.0,18542.5,0.9195092355399758,0.969300739056282,0.53,1.2957573901056822,40.57,423.0,32645.0,1.17,200.0,0.9610330523052806,0.4029687786285848
005950,이수화학,2026-06-18,13400.0,13400.0,14706.0,14101.0,0.9502872136727891,0.9111927104583163,3.65,0.0,0.0,0.0,3655.0,0.0,0.0,0.9638775296860953,0.40272439228563467
004720,팜젠사이언스,2026-06-18,3030.0,3030.0,3141.0,3262.75,0.9286644701555437,0.9646609360076409,0.46,0.0,0.0,0.0,6677.0,0.0,0.0,0.9638705022987841,0.4027064001534291
017550,수산세보틱스,2026-06-18,2340.0,2340.0,2547.0,2583.0,0.9059233449477352,0.9187279151943463,0.74,7.939981244138794,9.33,254.0,3199.0,0.42,10.0,0.9456618362246216,0.4022104017742629
044380,주연테크,2026-06-18,1430.0,1430.0,1393.4,1603.5,0.8917991892734642,1.0262666858045069,0.5,0.0,0.0,0.0,2930.0,0.0,0.0,0.963349659128479,0.4013728918716848
003550,LG,2026-06-18,109400.0,109400.0,112180.0,120505.0,0.9078461474627609,0.9752183990016046,0.59,2.5675044179338573,22.95,4780.0,186173.0,2.83,3100.0,0.9574973312560724,0.4013039060061218
004440,삼일씨엔에스,2026-06-18,4685.0,4685.0,4817.0,5093.5,0.9197997447727496,0.9725970521071207,0.22,0.555608319878431,40.17,117.0,21058.0,0.0,0.0,0.9618442821133939,0.4007462275853362
003280,흥아해운,2026-06-18,1778.0,1778.0,1854.2,2058.55,0.863714750674018,0.958904109589041,1.68,11.958568738229754,14.02,127.0,1062.0,0.0,0.0,0.9356349046060151,0.39988258459490134
012800,대창,2026-06-18,1274.0,1274.0,1300.8,1393.6,0.914179104477612,0.9793972939729397,0.34,0.7516778523489933,45.86,28.0,3725.0,0.0,0.0,0.9610023258671163,0.39972954717520964
017180,명문제약,2026-06-18,1273.0,1273.0,1303.4,1400.3,0.9090909090909092,0.97667638483965,0.43,1.929587000677048,22.33,57.0,2954.0,0.0,0.0,0.9583260480001266,0.39971999114027096
139990,아주스틸,2026-06-18,2280.0,2280.0,2246.0,2546.0,0.8955223880597015,1.0151380231522706,0.61,0.0,0.0,0.0,3813.0,0.0,0.0,0.9619500566250623,0.3977895070144675
014160,대영포장,2026-06-18,806.0,806.0,830.6,879.4,0.9165340004548556,0.9703828557669154,0.43,0.8042895442359249,53.67,15.0,1865.0,0.0,0.0,0.9600327609925576,0.3975528040951183
480370,씨케이솔루션,2026-06-18,1643.0,1643.0,1707.4,1776.35,0.9249303346750359,0.9622818320253016,0.74,0.0,0.0,0.0,2264.0,0.0,0.0,0.961842879720149,0.39751510331972423
022100,포스코DX,2026-06-18,26450.0,26450.0,27790.0,30055.0,0.8800532357344868,0.9517812162648435,7.06,9.14179104477612,77.26,343.0,3752.0,0.47,125.0,0.9409239951057702,0.3970614901272797
005420,코스모화학,2026-06-18,12330.0,12330.0,13016.0,13243.0,0.9310579173903194,0.9472956361401352,2.16,0.0,0.0,0.0,5730.0,0.0,0.0,0.9615209292186278,0.396690817460626
000680,LS네트웍스,2026-06-18,3055.0,3055.0,3167.0,3316.75,0.9210823848647018,0.9646353015472056,0.27,0.0,0.0,0.0,11323.0,0.0,0.0,0.9607213331858043,0.39464362169688905
450080,에코프로머티,2026-06-18,53800.0,53800.0,56760.0,58747.5,0.9157836503681007,0.9478505990133897,3.56,2.28099173553719,156.23,345.0,15125.0,0.0,0.0,0.9551778686637469,0.39370106006704336
001740,SK네트웍스,2026-06-18,10850.0,10850.0,12116.0,11611.0,0.9344587029540953,0.8955100693298118,1.04,2.464046021093001,42.1,257.0,10430.0,2.31,250.0,0.9547033372657883,0.3935494872331484
096770,SK이노베이션,2026-06-18,104100.0,104100.0,108880.0,112855.0,0.9224225776438794,0.9560984570168993,0.81,0.0,0.0,0.0,128060.0,0.0,0.0,0.9595701991049161,0.39169638744715635
012170,아센디오,2026-06-18,1039.0,1039.0,1066.2,1138.0,0.9130052724077329,0.9744888388670043,1.56,0.0,0.0,0.0,667.0,0.0,0.0,0.9594560449722237,0.3914041200430325
001510,SK증권,2026-06-18,2995.0,2995.0,3185.0,3314.5,0.9036053703424347,0.9403453689167975,1.04,4.780048493245584,21.85,138.0,2887.0,0.0,0.0,0.9485789214556751,0.39132290094074895
010580,에스엠벡셀,2026-06-18,1926.0,1926.0,1997.2,2130.05,0.9042041266636932,0.9643500901261767,3.07,2.3771790808240887,129.13,15.0,631.0,0.0,0.0,0.9536622828966257,0.3903794778596786
015860,일진홀딩스,2026-06-18,7170.0,7170.0,7260.0,8269.5,0.8670415381824778,0.987603305785124,0.63,6.6882322084280466,9.4,765.0,11438.0,2.78,200.0,0.9437319453792913,0.38999790485461117
066570,LG전자,2026-06-18,229000.0,229000.0,233300.0,259125.0,0.88374336710082,0.9815687955422203,1.73,4.017820125283622,43.15,5330.0,132659.0,0.59,1350.0,0.949076347272269,0.3881686626070401
004560,현대비앤지스틸,2026-06-18,12890.0,12890.0,13616.0,14194.5,0.9080982070520272,0.9466803760282021,0.38,2.8452321954348014,13.32,976.0,34303.0,1.92,250.0,0.9517061367796955,0.38809010608009403
003030,세아제강지주,2026-06-18,134600.0,134600.0,140340.0,149660.0,0.8993719096619003,0.9590993301980903,0.27,3.066941442888598,8.74,15656.0,510476.0,1.32,1800.0,0.9505498025823047,0.3864174690526877
002710,TCC스틸,2026-06-18,12750.0,12750.0,13154.0,13999.5,0.9107468123861566,0.9692869089250418,1.38,0.0,0.0,0.0,9346.0,0.54,70.0,0.9574141397119663,0.3861762554374632
001440,대한전선,2026-06-18,38650.0,38650.0,39660.0,43997.5,0.8784590033524632,0.9745335350479072,4.49,5.25522041763341,85.43,453.0,8620.0,0.0,0.0,0.945286062275406,0.38565251258420863
004020,현대제철,2026-06-18,33800.0,33800.0,35230.0,36975.0,0.914131169709263,0.959409594095941,0.23,0.0,0.0,0.0,147255.0,1.47,500.0,0.9567681364440419,0.38452230131667386
093240,형지엘리트,2026-06-18,669.0,669.0,699.0,732.05,0.9138720032784646,0.9570815450643777,0.33,0.0,0.0,0.0,2049.0,0.0,0.0,0.9561900512787742,0.38304223706818535
002070,비비안,2026-06-18,6940.0,6940.0,7054.0,7712.5,0.8998379254457051,0.9838389566203573,0.13,0.0,0.0,0.0,54750.0,0.0,0.0,0.956151023891177,0.3829423157338128
006840,AK홀딩스,2026-06-18,6320.0,6320.0,6538.0,6968.0,0.9070034443168772,0.9666564698684613,0.2,0.0,0.0,0.0,31492.0,0.0,0.0,0.9553096109681491,0.3807880567069217
011930,신성이엔지,2026-06-18,21200.0,21200.0,21770.0,23473.5,0.9031461009223166,0.973817179604961,1.85,0.0,0.0,0.0,11470.0,0.0,0.0,0.9552618288399357,0.38066572071919114
005070,코스모신소재,2026-06-18,43800.0,43800.0,45970.0,47997.5,0.9125475285171103,0.9527953012834457,2.87,0.0,0.0,0.0,15288.0,0.0,0.0,0.9547804673995793,0.379433297018883
090460,비에이치,2026-06-18,26600.0,26600.0,27630.0,30165.0,0.8818166749544174,0.9627216793340572,1.16,4.298416829321188,26.94,991.0,23055.0,0.94,250.0,0.9440178907431493,0.37684754814110016
005870,휴니드테크놀러지스,2026-06-18,5450.0,5450.0,5632.0,6043.0,0.9018699321529042,0.9676846590909091,0.44,0.0,0.0,0.0,12438.0,0.0,0.0,0.953405764840612,0.3759136631793067
006490,인스코비,2026-06-18,294.0,294.0,304.0,326.0,0.901840490797546,0.9671052631578947,2.44,0.0,0.0,0.0,121.0,0.0,0.0,0.953269292864062,0.3755642556775268
037560,LG헬로비전,2026-06-18,2097.0,2097.0,2185.4,2324.6,0.9020906822679171,0.9595497391781824,0.36,0.39349871685201027,91.52,23.0,5845.0,0.0,0.0,0.951777335548551,0.37403025353642594
020150,롯데에너지머티리얼즈,2026-06-18,51300.0,51300.0,55500.0,55807.5,0.9192312861174573,0.9243243243243243,1.63,0.0,0.0,0.0,31623.0,0.0,0.0,0.9523905897565352,0.3733145230557185
010660,화천기계,2026-06-18,3025.0,3025.0,2983.0,3519.25,0.8595581444910138,1.0140797854508883,0.47,1.9547005895128762,23.81,126.0,6446.0,0.67,20.0,0.9474973846611702,0.3721413843301295
033240,자화전자,2026-06-18,33100.0,33100.0,34700.0,39035.0,0.8479569617010375,0.9538904899135446,1.53,10.542349411493191,14.54,2284.0,21665.0,0.0,0.0,0.9279126210904349,0.3718844874645344
092780,DYP,2026-06-18,4060.0,4060.0,4277.0,4626.5,0.877553225980763,0.9492635024549918,0.36,5.418935534867381,6.6,617.0,11386.0,1.97,80.0,0.9393408746276476,0.37138214528887115
009580,무림P&P,2026-06-18,1748.0,1748.0,1824.8,1937.35,0.9022634010374997,0.9579131959666813,0.18,0.0,0.0,0.0,9575.0,7.13,125.0,0.9515099894823495,0.3710599331417429
012280,영화금속,2026-06-18,740.0,740.0,825.2,870.05,0.8505258318487444,0.8967523024721279,0.45,14.87553126897389,3.04,245.0,1647.0,4.69,35.0,0.9174318768571058,0.3702222609911243
457190,이수스페셜티케미컬,2026-06-18,80300.0,80300.0,84720.0,88935.0,0.9029066171923315,0.9478281397544853,18.28,0.5911778080945885,3092.31,26.0,4398.0,0.0,0.0,0.9497392181417788,0.36996040654687706
012610,경인양행,2026-06-18,4100.0,4100.0,4219.0,4653.75,0.8810099382218641,0.9717942640436122,0.7,2.34653970413195,29.78,138.0,5881.0,1.22,50.0,0.9457088442171961,0.3698384034548941
084670,동양고속,2026-06-18,34150.0,34150.0,35780.0,39102.5,0.8733456940093345,0.9544438233650084,1.64,5.431768193554556,30.15,1136.0,20914.0,0.0,0.0,0.9386786973180268,0.3697613260005002
006400,삼성SDI,2026-06-18,522000.0,522000.0,542600.0,581200.0,0.8981417756366139,0.9620346479911537,1.92,0.0,0.0,0.0,272485.0,0.0,0.0,0.950655062710728,0.3688710747766145
298020,효성티앤씨,2026-06-18,324000.0,324000.0,345700.0,357950.0,0.905154351166364,0.937228811107897,0.89,0.6903228637565412,128.92,2517.0,364612.0,3.11,10100.0,0.9486482239464814,0.3677430822187094
322000,HD현대에너지솔루션,2026-06-18,144200.0,144200.0,155640.0,167545.0,0.8606642991435137,0.926497044461578,3.87,9.975336443086162,38.83,3721.0,37302.0,0.0,0.0,0.9274760117496139,0.3674728585655705
271940,일진하이솔루스,2026-06-18,12300.0,12300.0,12990.0,13621.0,0.9030173996035533,0.9468822170900693,1.42,0.0,0.0,0.0,8677.0,0.0,0.0,0.9495991195499817,0.36616755665410244
084680,이월드,2026-06-18,1175.0,1175.0,1227.4,1309.25,0.8974603780790529,0.9573081310086361,0.77,0.0,0.0,0.0,1515.0,0.0,0.0,0.9493781953896002,0.3656019272779248
001210,금호전기,2026-06-18,506.0,506.0,510.4,578.2,0.87512971290211,0.9913793103448276,1.27,0.0,0.0,0.0,400.0,0.0,0.0,0.9479234008039218,0.36187723481991946
011690,와이투솔루션,2026-06-18,4315.0,4315.0,4410.0,4905.75,0.8795800845946083,0.9784580498866213,1.62,0.0,0.0,0.0,2706.0,0.0,0.0,0.9466528761022832,0.35862432625090945
010780,아이에스동서,2026-06-18,24250.0,24250.0,25280.0,27257.5,0.8896633953957627,0.959256329113924,0.58,0.0,0.0,0.0,41857.0,2.06,500.0,0.946534261560806,0.3583206389177291
128820,대성산업,2026-06-18,4950.0,4950.0,5158.0,5567.5,0.8890884598114055,0.9596742923613804,0.3,0.0,0.0,0.0,16698.0,8.18,404.0,0.9463838300194326,0.3579354909160005
001020,페이퍼코리아,2026-06-18,2285.0,2285.0,2348.0,2594.75,0.8806243376047789,0.9731686541737649,0.31,0.0,0.0,0.0,7410.0,0.0,0.0,0.9458628458427308,0.35660162161733505
095720,웅진씽크빅,2026-06-18,1303.0,1303.0,1360.0,1472.85,0.8846793631394915,0.9580882352941177,0.28,0.0,0.0,0.0,4654.0,12.97,170.0,0.9442048778977932,0.3523567469381761
011330,유니켐,2026-06-18,396.0,396.0,396.0,460.3,0.8603084944601347,1.0,0.27,0.0,0.0,0.0,1441.0,0.0,0.0,0.9441233977840539,0.3521481344178176
006660,삼성공조,2026-06-18,11330.0,11330.0,11796.0,13095.5,0.865182696346073,0.9604950830790099,0.32,2.5143777956824938,12.61,905.0,35993.0,0.7,80.0,0.9366040255260741,0.3475024225479089
454910,두산로보틱스,2026-06-18,102700.0,102700.0,107940.0,116460.0,0.8818478447535635,0.9514545117657958,19.13,0.0,0.0,0.0,5378.0,0.0,0.0,0.9416094407019298,0.3457116814122065
058650,세아홀딩스,2026-06-18,124000.0,124000.0,129440.0,143795.0,0.8623387461316457,0.957972805933251,0.22,2.9102246489202677,7.45,16587.0,569956.0,3.48,4300.0,0.9348518361382739,0.3453157918187788
008350,남선알미늄,2026-06-18,1210.0,1210.0,1249.0,1404.55,0.8614858851589478,0.9687750200160128,0.55,1.2750455373406193,43.36,28.0,2196.0,0.0,0.0,0.936966126245484,0.3412302122559263
019680,대교,2026-06-18,1027.0,1027.0,1112.6,1153.1,0.8906426155580609,0.9230630954520943,0.3,0.0,0.0,0.0,3375.0,5.85,60.0,0.9397887721962415,0.34105024651382004
010060,OCI홀딩스,2026-06-18,273000.0,273000.0,294700.0,307550.0,0.8876605430011381,0.9263657957244655,1.29,0.0,0.0,0.0,210598.0,0.37,1000.0,0.939106747797222,0.3393040679397373
007610,선도전기,2026-06-18,5570.0,5570.0,5720.0,7125.5,0.7816995298575539,0.9737762237762237,2.64,14.821852731591449,17.82,312.0,2105.0,0.0,0.0,0.9053660079307402,0.3390183479540982
308170,씨티알모빌리티,2026-06-18,3435.0,3435.0,3619.0,3922.25,0.8757728344700109,0.9491572257529705,0.34,0.0,0.0,0.0,10128.0,0.0,0.0,0.9385682088662766,0.3379252534224291
017860,DS단석,2026-06-18,14000.0,14000.0,14628.0,16079.5,0.8706738393606767,0.957068635493574,0.91,0.0,0.0,0.0,15304.0,0.07,10.0,0.9381330933580867,0.3368112326062462
006200,한국전자홀딩스,2026-06-18,2315.0,2315.0,2441.0,2651.75,0.8730083906853965,0.9483818107333061,0.14,0.0,0.0,0.0,16590.0,4.32,100.0,0.9372387592975305,0.3345214802500828
002360,SH에너지화학,2026-06-18,1956.0,1956.0,2008.8,2283.85,0.8564485408411235,0.973715651135006,0.31,0.0,0.0,0.0,6420.0,0.0,0.0,0.9360563495443265,0.3314941712860635
006370,대구백화점,2026-06-18,4310.0,4310.0,4583.0,4931.0,0.8740620563780166,0.9404320314204669,0.27,0.0,0.0,0.0,15711.0,0.0,0.0,0.9360296508133428,0.33142581485766304
066970,엘앤에프,2026-06-18,127200.0,127200.0,137040.0,144695.0,0.8790905007083866,0.9281961471103327,7.26,0.0,0.0,0.0,17482.0,0.0,0.0,0.9357559342318515,0.33072502170325635
012200,계양전기,2026-06-18,5910.0,5910.0,6130.0,6973.5,0.8474940847494085,0.964110929853181,8.07,0.0,0.0,0.0,734.0,0.0,0.0,0.9300833930735921,0.3162016852282029
011790,SKC,2026-06-18,122700.0,122700.0,138620.0,139530.0,0.8793807783272415,0.885153657480883,5.34,0.0,0.0,0.0,22956.0,0.0,0.0,0.9284834365153342,0.31210533637981863
007460,에이프로젠,2026-06-18,2975.0,2975.0,3151.0,3515.0,0.8463726884779517,0.9441447159631863,0.39,0.0,0.0,0.0,7695.0,0.0,0.0,0.9250643544712261,0.3033515032075212
004380,삼익THK,2026-06-18,8970.0,8970.0,9476.0,10636.0,0.8433621662279053,0.9466019417475728,1.18,0.0,0.0,0.0,7604.0,0.56,50.0,0.924335741957156,0.3014860456627366
001430,세아베스틸지주,2026-06-18,43500.0,43500.0,46720.0,52165.0,0.8338924566280073,0.9310787671232876,0.8,2.8915707115441394,27.76,1567.0,54192.0,2.76,1200.0,0.9168951276179772,0.2992330937577658
071950,코아스,2026-06-18,1761.0,1761.0,1906.4,2068.75,0.851238670694864,0.9237305916911456,0.61,0.0,0.0,0.0,2919.0,0.0,0.0,0.9228474184587961,0.2976755095472013
465770,STX그린로지스,2026-06-18,2495.0,2495.0,2691.0,2950.75,0.8455477420994663,0.9271646228167967,0.77,0.0,0.0,0.0,3282.0,0.0,0.0,0.921087386754553,0.2931693222963136
217590,티엠씨,2026-06-18,18140.0,18140.0,19422.0,21681.5,0.8366579803057906,0.9339923797755123,3.98,0.0,0.0,0.0,4647.0,0.27,50.0,0.9187101201144598,0.28708283612693214
003060,에이프로젠바이오로직스,2026-06-18,2280.0,2280.0,2448.0,2835.0,0.8042328042328042,0.9313725490196079,0.14,0.0,0.0,0.0,15780.0,0.0,0.0,0.9042203548085901,0.24998487048673693
006110,삼아알미늄,2026-06-18,55200.0,55200.0,56920.0,71685.0,0.7700355722954593,0.9697821503865074,3.71,0.0,0.0,0.0,14814.0,0.05,25.0,0.8994810639642055,0.2378509231665102
011000,진원생명과학,2026-06-18,843.0,843.0,889.0,1089.8,0.7735364287025143,0.9482564679415073,1.77,0.0,0.0,0.0,480.0,0.0,0.0,0.8952522841416708,0.2270240308570267
092220,KEC,2026-06-18,3845.0,3845.0,4128.0,4921.75,0.7812261898714888,0.9314437984496124,0.48,0.0,0.0,0.0,8115.0,0.0,0.0,0.8943567042234222,0.22473108874693074
092200,디아이씨,2026-06-18,6970.0,6970.0,8278.0,8823.0,0.789980732177264,0.8419908190384151,1.92,0.0,0.0,0.0,3657.0,0.0,0.0,0.8804863422674332,0.18921897378866404
336260,두산퓨얼셀,2026-06-18,64000.0,64000.0,73880.0,82330.0,0.777359407263452,0.8662696264212236,14.14,0.0,0.0,0.0,4491.0,0.0,0.0,0.8787074821566332,0.18466458040297973
088980,맥쿼리인프라,2026-06-18,10850.0,10850.0,10934.0,10962.0,0.9897828863346104,0.9923175416133163,,,,,,,,0.9943688136014508,
900140,엘브이엠씨,2026-06-18,1363.0,1363.0,1415.2,1442.5,0.9448873483535528,0.9631147540983607,,,,,,,,0.9702986618177686,
950210,프레스티지바이오파마,2026-06-18,6780.0,6780.0,6972.0,6972.0,0.9724612736660929,0.9724612736660929,,,,,,,,0.9834767641996558,
