Symbol,Name,Date,Price,Close,MA5,MA20,Price/MA20,Price/MA5,PBR,ROE,PER,EPS,BPS,DIV,DPS,Momentum,Score
278470,에이피알,2026-07-23,370000.0,370000.0,370700.0,380825.0,0.9715748703472724,0.9981116806042623,31.07,65.19731318219984,47.65,7765.0,11910.0,1.38,5090.0,0.9882322023492967,0.901668387705566
326030,에스케이바이오팜,2026-07-23,79700.0,79700.0,78060.0,82235.0,0.9691737094910926,1.0210094798872662,7.68,32.83567713350029,23.38,3409.0,10382.0,0.0,0.0,0.9922980330408901,0.6650971328896316
005690,파미셀,2026-07-23,11180.0,11180.0,10856.0,11792.0,0.9481004070556309,1.0298452468680914,5.42,32.509689922480625,16.66,671.0,2064.0,0.45,50.0,0.986156808907829,0.6450592786628254
077970,STX엔진,2026-07-23,26100.0,26100.0,24290.0,26510.0,0.984534138061109,1.0745162618361466,3.05,20.983031012287885,14.56,1793.0,8545.0,0.0,0.0,1.011212963438919,0.6282153233510513
064350,현대로템,2026-07-23,166500.0,166500.0,156320.0,173690.0,0.9586044101560252,1.0651228249744114,5.9,25.007975612349792,23.6,7055.0,28211.0,0.36,600.0,0.999071392031109,0.6244093465738902
103590,일진전기,2026-07-23,66600.0,66600.0,60740.0,67375.0,0.9884972170686457,1.096476786302272,5.39,17.648011662752086,30.56,2179.0,12347.0,0.75,500.0,1.0184946061041833,0.6234335761203229
062040,산일전기,2026-07-23,183600.0,183600.0,169040.0,196705.0,0.9333773925421316,1.0861334595362044,9.53,25.43463594374384,37.46,4901.0,19269.0,0.68,1250.0,0.9954232444261277,0.6172631901577816
002990,금호건설,2026-07-23,11300.0,11300.0,10754.0,11823.5,0.9557237704571404,1.0507718058396875,1.65,25.804093567251464,6.4,1765.0,6840.0,1.77,200.0,0.994280903946152,0.6168343230620349
075580,세진중공업,2026-07-23,12300.0,12300.0,11918.0,12392.5,0.9925358079483558,1.0320523577781506,3.06,22.16969395371983,13.8,891.0,4019.0,1.83,225.0,1.0039156995165979,0.616476655275487
003350,한국화장품제조,2026-07-23,7660.0,7660.0,7560.0,7878.5,0.9722662943453703,1.0132275132275133,1.33,26.142659279778393,5.07,1510.0,5776.0,0.78,60.0,0.9917659170879961,0.6122485993193538
298040,효성중공업,2026-07-23,2866000.0,2866000.0,2690200.0,2981600.0,0.9612288704051516,1.0653483012415434,11.35,22.106867810971867,51.33,55832.0,252555.0,0.26,7500.0,1.0001158763714353,0.6051434649153421
042660,한화오션,2026-07-23,89900.0,89900.0,85120.0,91755.0,0.9797831180862079,1.056156015037594,4.46,19.897705829774555,22.44,4007.0,20138.0,0.0,0.0,1.0047687547911792,0.6014888347773516
000660,SK하이닉스,2026-07-23,1919000.0,1919000.0,1838200.0,2202850.0,0.8711441995596614,1.043956043956044,11.17,36.12438937764554,30.93,62044.0,171751.0,0.16,3000.0,0.9601594038891177,0.5985382143373326
079550,LIG디펜스앤에어로스페이스,2026-07-23,736000.0,736000.0,703800.0,737150.0,0.9984399375975039,1.0457516339869282,11.24,17.72550217673566,63.43,11604.0,65465.0,0.4,2950.0,1.009354256523202,0.5979252275736825
000910,유니온,2026-07-23,2810.0,2810.0,2812.0,2818.25,0.9970726514681096,0.9992887624466572,0.41,21.65918633270595,1.88,1496.0,6907.0,4.45,125.0,0.9986861821553003,0.5976273227232698
039130,하나투어,2026-07-23,30900.0,30900.0,30160.0,31492.5,0.9811859966658728,1.0245358090185677,3.15,21.02579789945957,14.99,2062.0,9807.0,3.88,1200.0,0.9977968208084574,0.5902300486068754
002380,케이씨씨,2026-07-23,440500.0,440500.0,415900.0,455325.0,0.9674408389611816,1.0591488338542918,0.41,19.662635156473225,2.11,209201.0,1063952.0,3.41,15000.0,1.000854698654419,0.5885084745760394
383220,F&F,2026-07-23,76400.0,76400.0,75840.0,77625.0,0.984219001610306,1.0073839662447257,1.52,21.169921991899926,7.2,10611.0,50123.0,3.53,2700.0,0.9952323121139852,0.5840117243211379
079900,전진건설로봇,2026-07-23,33500.0,33500.0,31370.0,35197.5,0.9517721429078769,1.0678992668154288,3.13,20.297168488926268,15.42,2172.0,10701.0,4.15,1389.0,0.9972421526029301,0.5830581713780357
015760,한국전력공사,2026-07-23,35600.0,35600.0,34050.0,36150.0,0.9847856154910097,1.0455212922173274,0.47,17.739721463317117,2.67,13311.0,75035.0,4.33,1542.0,1.0040762608075748,0.5829615977617058
064400,LG씨엔에스,2026-07-23,69900.0,69900.0,64760.0,71290.0,0.9805021742179829,1.0793699814700433,2.31,15.02808060786257,15.37,4549.0,30270.0,2.65,1850.0,1.0109829090671851,0.5818896642293134
042700,한미반도체,2026-07-23,216000.0,216000.0,223900.0,230960.0,0.9352268791132664,0.964716391246092,29.68,30.99752679307502,95.74,2256.0,7278.0,0.37,800.0,0.9666026092540632,0.5776203977873101
007610,선도전기,2026-07-23,4725.0,4725.0,4540.0,4731.5,0.9986262284687731,1.0407488986784141,2.24,14.821852731591449,15.14,312.0,2105.0,0.0,0.0,1.0082599700852055,0.5725320424511114
381970,케이카,2026-07-23,7560.0,7560.0,7362.0,7951.0,0.9508237957489624,1.0268948655256724,1.65,22.890778286461742,7.2,1050.0,4587.0,15.87,1200.0,0.9865054264214279,0.5722871462099125
097520,엠씨넥스,2026-07-23,18550.0,18550.0,17800.0,18596.0,0.997526349752635,1.0421348314606742,0.78,13.216506975962346,5.9,3145.0,23796.0,5.39,1000.0,1.0081589371642083,0.5599320758404186
207940,삼성바이오로직스,2026-07-23,1379000.0,1379000.0,1377400.0,1386950.0,0.994267998125383,1.0011616088282271,8.56,16.524555981680752,51.79,26628.0,161142.0,0.0,0.0,0.9979427203710197,0.5561265535345958
329180,HD현대중공업,2026-07-23,498000.0,498000.0,469300.0,527300.0,0.9444339085909349,1.061154911570424,5.59,17.637742207245154,31.72,15702.0,89025.0,1.14,5661.0,0.9926952226866124,0.5496780265995765
000540,흥국화재,2026-07-23,3170.0,3170.0,3180.0,3183.75,0.9956811935610522,0.9968553459119497,0.25,15.511602554119296,1.59,1992.0,12842.0,0.0,0.0,0.9976420650265574,0.5474995867791513
001060,JW중외제약,2026-07-23,24100.0,24100.0,23760.0,24650.0,0.9776876267748479,1.0143097643097643,1.58,16.5729234793983,9.51,2534.0,15290.0,2.7,650.0,0.9941436679164875,0.5456483111877979
071320,지역난방공사,2026-07-23,65400.0,65400.0,64420.0,65920.0,0.9921116504854369,1.0152126668736416,0.33,14.138517422847425,2.33,28102.0,198762.0,9.41,6157.0,1.0000256583766123,0.5437763244077385
071050,한국금융지주,2026-07-23,221500.0,221500.0,220200.0,226300.0,0.9787892178524084,1.0059037238873751,1.08,16.819421686512666,6.4,34592.0,205667.0,3.92,8690.0,0.9927600867407327,0.5435875399025457
000500,가온전선,2026-07-23,217000.0,217000.0,195680.0,227634.6,0.953282146035796,1.1089533932951758,13.35,10.627692307692307,125.65,1727.0,16250.0,0.05,100.0,1.0092213453527452,0.5431123650375224
006260,LS,2026-07-23,321500.0,321500.0,286900.0,327600.0,0.9813797313797313,1.1205995120250958,1.78,5.489741727691515,32.46,9903.0,180391.0,0.78,2500.0,1.0226649575203077,0.54210098131153
017960,한국카본,2026-07-23,23500.0,23500.0,22690.0,24705.0,0.9512244484922081,1.0356985456148082,2.04,17.73591457591805,11.5,2043.0,11519.0,1.36,320.0,0.9887941526674076,0.5392904017217979
052690,한전기술,2026-07-23,96100.0,96100.0,90720.0,99775.0,0.9631671260335756,1.0593033509700176,5.85,13.659605551497444,42.83,2244.0,16428.0,1.4,1347.0,0.9992803318047618,0.5379750637670156
007660,이수페타시스,2026-07-23,93400.0,93400.0,90000.0,101880.0,0.9167648213584609,1.0377777777777777,9.08,22.133696074621064,41.0,2278.0,10292.0,0.25,230.0,0.9760235571260305,0.5365473808103803
031440,신세계푸드,2026-07-23,38150.0,38150.0,38340.0,39960.0,0.9547047047047047,0.9950443401147626,0.39,20.30061517015667,1.9,20097.0,98997.0,2.36,900.0,0.9808103878526413,0.5361594622202931
012450,한화에어로스페이스,2026-07-23,958000.0,958000.0,913200.0,1001100.0,0.956947357906303,1.0490582566798072,5.09,15.15586154140371,33.58,28530.0,188244.0,0.73,7000.0,0.9943135875110309,0.5352660731721999
003090,대웅,2026-07-23,16570.0,16570.0,16294.0,16968.0,0.9765440829797265,1.016938750460292,0.58,15.085295361624137,3.87,4280.0,28372.0,1.21,200.0,0.9942745185458594,0.5346133276800208
272210,한화시스템,2026-07-23,69700.0,69700.0,63760.0,69800.0,0.998567335243553,1.0931618569636135,2.69,4.974356996876566,54.03,1290.0,25933.0,0.72,500.0,1.0212839336624087,0.5342046117606667
039490,키움증권,2026-07-23,314500.0,314500.0,310500.0,326975.0,0.9618472360272192,1.0128824476650564,1.24,17.471496960725645,7.09,44379.0,254008.0,3.66,11500.0,0.9875750225404667,0.5337810352292234
128940,한미약품,2026-07-23,389000.0,389000.0,377700.0,398400.0,0.9764056224899599,1.029917924278528,3.95,13.56737012987013,29.09,13372.0,98560.0,0.51,2000.0,0.9971676220369963,0.5312343201736552
021240,코웨이,2026-07-23,90700.0,90700.0,93020.0,92295.0,0.9827184571211875,0.9750591270694474,1.78,16.900029374326838,10.51,8630.0,51065.0,2.16,1957.0,0.9881775749469071,0.5311191782756763
234080,JW생명과학,2026-07-23,11190.0,11190.0,11108.0,11279.5,0.9920652511192872,1.007382066978754,0.79,12.965952965952965,6.06,1847.0,14245.0,4.92,550.0,0.9983474103189072,0.5299912249873088
023450,동남합성,2026-07-23,28500.0,28500.0,28530.0,28550.0,0.9982486865148862,0.9989484752891693,1.76,12.628070608566844,13.93,2046.0,16202.0,3.25,925.0,0.9990888750158833,0.5295174394925268
012280,영화금속,2026-07-23,817.0,817.0,816.2,832.0,0.9819711538461539,1.0009801519235482,0.5,14.87553126897389,3.33,245.0,1647.0,4.28,35.0,0.9929919373079751,0.5293418995543073
047400,유니온머티리얼,2026-07-23,979.0,979.0,982.8,981.35,0.9976053395832272,0.9961334961334962,2.1,12.633832976445397,16.59,59.0,467.0,0.0,0.0,0.9982711202510458,0.5272263216286092
100220,비상교육,2026-07-23,4970.0,4970.0,4759.0,5054.5,0.983282223761005,1.0443370455978147,0.3,10.659306961054892,2.86,1738.0,16305.0,4.43,220.0,1.0032171249746744,0.5262082189645017
028100,동아지질,2026-07-23,15760.0,15760.0,14758.0,15973.0,0.9866649971827459,1.0678953787776122,0.85,7.826133792954863,10.85,1453.0,18566.0,3.81,600.0,1.0103108828102974,0.5247385904096147
037270,YG PLUS,2026-07-23,3255.0,3255.0,3172.0,3310.25,0.9833094177176951,1.0261664564943254,1.1,11.9136010799865,9.22,353.0,2963.0,0.92,30.0,0.9989941870149397,0.5237677468894713
005940,NH투자증권,2026-07-23,30000.0,30000.0,29860.0,30152.5,0.9949423762540419,1.0046885465505693,1.19,11.442410767459403,10.41,2882.0,25187.0,4.33,1300.0,0.9989328526629508,0.5199790192765288
010130,고려아연,2026-07-23,1043000.0,1043000.0,995400.0,1049450.0,0.9938539234837296,1.0478199718706047,1.94,7.936354042756301,24.5,42566.0,536342.0,1.92,20000.0,1.0080907157918564,0.5192436130745239
012750,에스원,2026-07-23,72100.0,72100.0,71240.0,72215.0,0.9984075330609984,1.0120718697361033,1.39,10.166130864149999,13.65,5281.0,51947.0,4.44,3200.0,1.0018425817876566,0.5185006752690242
402340,SK스퀘어,2026-07-23,1221000.0,1221000.0,1218600.0,1425500.0,0.8565415643633812,1.001969473165928,5.83,31.834189078276804,18.3,66713.0,209564.0,0.0,0.0,0.9431248617318964,0.5169900212649275
005960,동부건설,2026-07-23,6730.0,6730.0,6470.0,6823.5,0.9862973547299773,1.0401854714064915,0.28,9.305882839307122,2.99,2251.0,24189.0,4.46,300.0,1.0033887797296575,0.5163189763218439
001750,한양증권,2026-07-23,19750.0,19750.0,19430.0,19863.0,0.9943110305593315,1.0164693772516726,0.45,9.945089852967872,4.51,4383.0,44072.0,8.1,1600.0,1.0011618961994655,0.5148616323941243
030720,동원수산,2026-07-23,5770.0,5770.0,5906.0,5838.0,0.9883521754025351,0.9769725702675246,0.48,13.735039207593891,3.47,1664.0,12115.0,0.0,0.0,0.9908426719995007,0.5144576529923468
034730,SK,2026-07-23,655000.0,655000.0,606800.0,668600.0,0.9796589889320969,1.0794330916282135,1.43,6.342527081497098,22.59,29000.0,457231.0,1.22,8000.0,1.0106870760358573,0.5144350862333288
033240,자화전자,2026-07-23,25700.0,25700.0,24730.0,26345.0,0.9755171759347124,1.0392236150424585,1.19,10.542349411493191,11.25,2284.0,21665.0,0.0,0.0,0.9990133870934197,0.513306410651737
009900,명신산업,2026-07-23,7080.0,7080.0,6830.0,7169.5,0.9875165632191925,1.0366032210834553,0.49,9.037900874635568,5.44,1302.0,14406.0,1.41,100.0,1.0030205838809818,0.5132123370144481
000370,한화손해보험,2026-07-23,5770.0,5770.0,5722.0,5817.5,0.9918349806617963,1.0083886752883606,0.33,10.691679134537921,3.11,1858.0,17378.0,0.0,0.0,0.998466810673661,0.5128907345086052
161890,한국콜마,2026-07-23,102400.0,102400.0,101900.0,105305.0,0.9724134656474052,1.0049067713444553,2.66,13.740081937457866,19.32,5299.0,38566.0,0.84,864.0,0.9900102040155426,0.5121189988129615
210540,디와이파워,2026-07-23,11070.0,11070.0,10804.0,11100.0,0.9972972972972973,1.024620510921881,0.39,8.0435012887963,4.86,2278.0,28321.0,4.52,500.0,1.0041056398864618,0.5086849163073818
462870,시프트업,2026-07-23,30950.0,30950.0,31260.0,33295.0,0.9295690043550082,0.9900831733845169,1.95,20.73416446291399,9.4,3293.0,15882.0,0.0,0.0,0.9696017886980777,0.5074753182660742
077500,유니퀘스트,2026-07-23,5690.0,5690.0,5458.0,5791.5,0.9824743158076491,1.04250641260535,0.5,8.357399142382077,5.96,955.0,11427.0,3.51,200.0,1.0024700911961202,0.5064214765590027
282330,BGF리테일,2026-07-23,118300.0,118300.0,121560.0,121340.0,0.9749464315147519,0.9731819677525502,1.56,14.870607428067729,10.47,11303.0,76009.0,3.47,4100.0,0.9846344155287347,0.5054370797103511
025540,한국단자공업,2026-07-23,64900.0,64900.0,62600.0,66340.0,0.9782936388302683,1.036741214057508,0.57,9.081408715644269,6.22,10428.0,114828.0,4.93,3200.0,0.9994942309970614,0.5034755897764883
000810,삼성화재해상보험,2026-07-23,638000.0,638000.0,637800.0,640950.0,0.9953974568999142,1.0003135779241141,1.28,9.494251816242095,13.44,47478.0,500071.0,3.06,19500.0,0.9982223147862962,0.5030094101901121
307950,현대오토에버,2026-07-23,430000.0,430000.0,394500.0,459925.0,0.9349350437571343,1.0899873257287707,6.38,9.878705999376457,64.62,6654.0,67357.0,0.44,1900.0,0.9970918138206946,0.5027293629119745
005430,한국공항,2026-07-23,81700.0,81700.0,81780.0,82355.0,0.9920466274057435,0.9990217657128883,0.62,10.00739723132199,6.16,13258.0,132482.0,1.22,1000.0,0.996620272104559,0.5023696905561406
001560,제일연마,2026-07-23,8500.0,8500.0,8440.0,8753.5,0.9710401553664249,1.0071090047393365,0.52,12.474799926690695,4.16,2042.0,16369.0,8.48,721.0,0.9899397045514902,0.5022141866380319
108320,LX세미콘,2026-07-23,39050.0,39050.0,38260.0,39207.5,0.9959829114327616,1.0206481965499217,0.56,7.341742887280188,7.69,5081.0,69207.0,3.84,1500.0,1.0027224000443444,0.49935291360111456
204320,HL만도,2026-07-23,47250.0,47250.0,44660.0,47322.5,0.9984679592160177,1.0579937304075235,0.82,3.6855674562663294,22.18,2130.0,57793.0,1.59,750.0,1.0122910874177404,0.4986394574619627
000640,동아쏘시오홀딩스,2026-07-23,80500.0,80500.0,79340.0,81040.0,0.9933366238894373,1.0146206201159567,0.47,7.999930045062639,5.87,13723.0,171539.0,2.11,1700.0,1.0003814540044211,0.4977153940119408
012030,DB,2026-07-23,1540.0,1540.0,1490.2,1602.4,0.9610584123814278,1.0334183331096496,0.66,11.016588685665674,5.95,259.0,2351.0,0.0,0.0,0.9920430118478167,0.49703766066420063
015230,대창단조,2026-07-23,5730.0,5730.0,5666.0,5798.5,0.9881865999827542,1.0112954465231203,0.45,8.91769483054818,5.02,1142.0,12806.0,3.14,180.0,0.9976369730100177,0.4969161843062765
066570,LG전자,2026-07-23,187500.0,187500.0,177920.0,188040.0,0.9971282705807275,1.0538444244604317,1.41,4.017820125283622,35.18,5330.0,132659.0,0.72,1350.0,1.0107793200666015,0.4968702708375507
003570,SNT다이내믹스,2026-07-23,34050.0,34050.0,33090.0,34447.5,0.9884607010668408,1.029011786038078,0.93,7.349653781146066,12.63,2696.0,36682.0,5.29,1800.0,1.0016439538349087,0.49633380119241
003850,보령,2026-07-23,8230.0,8230.0,8136.0,8271.0,0.9950429210494499,1.0115535889872174,0.82,7.653876898481215,10.74,766.0,10008.0,1.94,160.0,1.000403317701362,0.4951239402742381
016360,삼성증권,2026-07-23,104900.0,104900.0,103800.0,109025.0,0.9621646411373538,1.010597302504817,1.16,12.483950945233985,9.3,11279.0,90348.0,3.81,4000.0,0.9871884663458161,0.49442749583626733
033920,무학,2026-07-23,7410.0,7410.0,7348.0,7476.5,0.9911054637865311,1.0084376701143167,0.33,8.34542496592358,3.9,1898.0,22743.0,7.64,566.0,0.9981877274614878,0.4941002522401489
035250,강원랜드,2026-07-23,14400.0,14400.0,14272.0,14493.0,0.9935831090871455,1.0089686098654709,0.73,7.922987752633436,9.16,1572.0,19841.0,6.6,950.0,0.9992816696107197,0.4939846034799951
030200,케이티,2026-07-23,52700.0,52700.0,52720.0,53450.0,0.9859681945743686,0.9996206373292867,0.72,9.721292895085416,7.4,7119.0,73231.0,4.55,2400.0,0.9943093328185262,0.4935760653776775
006800,미래에셋증권,2026-07-23,39200.0,39200.0,38230.0,40925.0,0.9578497251069029,1.0253727439183886,1.72,11.714085001756235,14.69,2668.0,22776.0,0.77,300.0,0.9888827789105933,0.493361919076398
271980,제일약품,2026-07-23,9860.0,9860.0,9970.0,10057.0,0.9804116535746247,0.9889669007021064,0.68,11.080428028995511,6.14,1605.0,14485.0,0.0,0.0,0.9899198639968827,0.4914640501263716
185750,종근당,2026-07-23,67500.0,67500.0,66920.0,67995.0,0.9927200529450695,1.0086670651524208,0.89,7.721186663166185,11.48,5882.0,76180.0,0.74,500.0,0.9988762446800987,0.49127918989243347
013580,계룡건설산업,2026-07-23,19490.0,19490.0,18594.0,20544.0,0.9486954828660437,1.048187587393783,0.18,10.641428288487113,1.73,11283.0,106029.0,3.59,700.0,0.9909452627166436,0.49102563944679206
005180,빙그레,2026-07-23,64900.0,64900.0,64500.0,65235.0,0.9948647198589714,1.006201550387597,0.77,7.470369357695645,10.33,6284.0,84119.0,5.08,3300.0,0.9992141470640137,0.49032063243137497
036530,SNT홀딩스,2026-07-23,49850.0,49850.0,51080.0,50117.5,0.9946625430238939,0.975920125293657,0.54,9.645273556559522,5.59,8924.0,92522.0,6.02,3000.0,0.9932340225997489,0.4899222453229408
175330,JB금융지주,2026-07-23,25550.0,25550.0,26400.0,25912.5,0.9860106126386879,0.9678030303030303,0.81,11.402734891927658,7.06,3619.0,31738.0,4.46,1140.0,0.9882071437968688,0.48904471615578127
009770,삼정펄프,2026-07-23,26600.0,26600.0,26970.0,27137.5,0.9801934592353754,0.9862810530218762,0.23,10.935472352136841,2.12,12556.0,114819.0,3.76,1000.0,0.989299723475954,0.48858140984068144
271560,오리온,2026-07-23,129300.0,129300.0,128260.0,132640.0,0.9748190591073582,1.0081085295493528,1.34,10.048571903022252,13.35,9682.0,96352.0,2.71,3500.0,0.991656432566765,0.4885099363228979
092230,KPX홀딩스,2026-07-23,83400.0,83400.0,83540.0,83485.0,0.99898185302749,0.9983241560928896,0.3,7.183782818360422,4.15,20111.0,279950.0,6.29,5250.0,0.9992580140486187,0.48824806581355384
192080,더블유게임즈,2026-07-23,60500.0,60500.0,60300.0,62350.0,0.9703287890938251,1.0033167495854063,0.98,10.813403352463947,9.1,6651.0,61507.0,1.98,1200.0,0.9888384859982365,0.48632807673560524
007860,서연,2026-07-23,7630.0,7630.0,7418.0,7738.0,0.986042905143448,1.0285791318414668,0.19,6.366355972012758,2.96,2575.0,40447.0,3.28,250.0,1.0006057370526702,0.4858279672996521
006110,삼아알미늄,2026-07-23,36400.0,36400.0,33250.0,36860.0,0.9875203472599023,1.0947368421052632,2.46,0.0,0.0,0.0,14814.0,0.07,25.0,1.0176668475311992,0.48572660795765393
005500,삼진제약,2026-07-23,17880.0,17880.0,17732.0,18212.0,0.9817702613661322,1.0083464922174599,0.78,8.556359515299452,9.11,1963.0,22942.0,4.47,800.0,0.9944653958795645,0.4850878373511022
016740,두올,2026-07-23,3515.0,3515.0,3478.0,3628.0,0.9688533627342889,1.0106382978723405,0.36,10.20638669267892,3.54,994.0,9739.0,3.41,120.0,0.989844941237186,0.48454704165516926
339770,교촌에프앤비,2026-07-23,3595.0,3595.0,3582.0,3674.75,0.9782978433907068,1.0036292573981016,0.95,9.295550847457628,10.24,351.0,3776.0,8.34,300.0,0.9920816295460111,0.48394925662665095
093050,LF,2026-07-23,22400.0,22400.0,22230.0,22457.5,0.9974396081487253,1.007647323436797,0.37,5.961607639229537,6.14,3646.0,61158.0,3.13,700.0,1.000536295653974,0.4825256333064255
069260,티케이지휴켐스,2026-07-23,15360.0,15360.0,15238.0,15481.5,0.9921519232632496,1.0080063000393753,0.65,6.639445365998895,9.84,1561.0,23511.0,6.51,1000.0,0.9985123999893908,0.4819442335861806
016610,DB증권,2026-07-23,9130.0,9130.0,8970.0,9303.0,0.981403848221004,1.0178372352285396,0.33,7.382745697340173,4.5,2029.0,27483.0,6.02,550.0,0.996384379189365,0.48156751221573946
120110,코오롱인더,2026-07-23,56200.0,56200.0,52500.0,56245.0,0.9991999288825674,1.0704761904761906,0.43,0.17346521829634026,249.78,225.0,129709.0,2.31,1300.0,1.0156522357542894,0.4813036740401738
008420,문배철강,2026-07-23,2150.0,2150.0,2075.0,2153.5,0.9983747387973068,1.036144578313253,0.23,3.304219720088393,6.85,314.0,9503.0,2.33,50.0,1.0071058321980748,0.4809070576030216
101530,해태제과식품,2026-07-23,5510.0,5510.0,5480.0,5586.5,0.9863062740535219,1.0054744525547445,0.47,7.5436034023541545,6.28,878.0,11639.0,4.54,250.0,0.9956591457116707,0.4807300431825073
014830,유니드,2026-07-23,62000.0,62000.0,60760.0,62730.0,0.9883628248047186,1.0204081632653061,0.38,6.032118114150011,6.31,9830.0,162961.0,3.23,2000.0,0.9996831252826335,0.4806299320704383
021820,세원정공,2026-07-23,9910.0,9910.0,9744.0,10105.0,0.9807026224641266,1.0170361247947455,0.16,7.296197999277604,2.13,4646.0,63677.0,2.02,200.0,0.9959317194092571,0.4796110887838755
000590,CS홀딩스,2026-07-23,68900.0,68900.0,67840.0,69270.0,0.9946585823588855,1.015625,0.21,5.232210111490784,4.11,16782.0,320744.0,0.73,500.0,1.0011174570521149,0.4785915197191721
001500,현대차증권,2026-07-23,8100.0,8100.0,7906.0,8134.0,0.9958200147528891,1.0245383253225397,0.35,4.322680147373833,8.03,1009.0,23342.0,4.57,370.0,1.0035107994718617,0.47845111574245014
001620,케이비아이동국실업,2026-07-23,2140.0,2140.0,2147.0,2231.5,0.95899619090298,0.9967396367023754,0.18,11.961115807269653,1.51,1415.0,11830.0,0.0,0.0,0.9828970197538922,0.478162526217346
000220,유유제약,2026-07-23,3660.0,3660.0,3638.0,3707.25,0.9872547036212826,1.006047278724574,0.52,6.959966048946102,7.44,492.0,7069.0,3.14,115.0,0.9961565215270095,0.4776744970688008
017550,수산세보틱스,2026-07-23,1680.0,1680.0,1620.4,1745.8,0.9623095429029671,1.0367810417180943,0.53,7.939981244138794,6.61,254.0,3199.0,0.6,10.0,0.9933368115356109,0.47713785167697736
251270,넷마블,2026-07-23,36800.0,36800.0,35710.0,37102.5,0.9918469105855401,1.0305236628395407,0.56,4.143717273536646,13.4,2746.0,66269.0,2.38,876.0,1.003301732236438,0.4764815991004598
000150,두산,2026-07-23,1276000.0,1276000.0,1187000.0,1332350.0,0.9577063084024469,1.0749789385004211,14.6,4.8398723097518275,301.65,4230.0,87399.0,0.31,4000.0,1.0013501806782164,0.47624727258615324
002600,조흥,2026-07-23,138500.0,138500.0,138120.0,138690.0,0.9986300382147235,1.0027512308137851,0.55,5.335773449476524,10.28,13470.0,252447.0,4.33,6000.0,1.0000067843459393,0.476213937480511
010690,화신,2026-07-23,8340.0,8340.0,7926.0,9022.0,0.9244070050986477,1.05223315669947,0.51,11.676701331873746,4.34,1920.0,16443.0,2.04,170.0,0.9827475641593407,0.4755545347370483
009190,대양금속,2026-07-23,1809.0,1809.0,1792.2,1899.3,0.9524561680619176,1.009373953799799,1.01,11.514812744550028,8.78,206.0,1789.0,0.0,0.0,0.983068693872045,0.47523007538958084
011500,한농화성,2026-07-23,12620.0,12620.0,11952.0,12783.5,0.9872100754879337,1.0558902275769746,1.13,2.268651362984218,49.88,253.0,11152.0,0.32,40.0,1.0075162228292842,0.4741372314827552
001270,부국증권,2026-07-23,54600.0,54600.0,53540.0,55345.0,0.986538982744602,1.0197982816585731,0.58,5.459091540491735,10.69,5109.0,93587.0,4.4,2400.0,0.9988335267691071,0.4738091277515638
214420,토니모리,2026-07-23,5080.0,5080.0,5023.0,5269.0,0.9641298159043462,1.0113478001194505,1.03,9.437019036046983,10.9,466.0,4938.0,0.98,50.0,0.9881334096218695,0.47375901987750985
114090,GKL,2026-07-23,9560.0,9560.0,9332.0,10085.0,0.947942488844819,1.0244320617231033,1.34,10.662743449628694,12.56,761.0,7137.0,4.33,414.0,0.9847930992054039,0.4736200165127606
011210,현대위아,2026-07-23,60000.0,60000.0,57260.0,60810.0,0.986679822397632,1.0478519035976248,0.44,2.7373848987108653,16.15,3716.0,135750.0,2.0,1200.0,1.0053597196951642,0.47157351110409695
013870,지엠비코리아,2026-07-23,3805.0,3805.0,3796.0,3823.0,0.9952916557677217,1.0023709167544783,0.25,5.011179797448376,4.99,762.0,15206.0,6.57,250.0,0.99859754351332,0.4697001691473307
120030,조선선재,2026-07-23,85200.0,85200.0,85120.0,85940.0,0.9913893414009775,1.0009398496240602,0.48,5.664245515001108,8.54,9974.0,176087.0,0.59,500.0,0.996747293530545,0.4694246822285998
286940,롯데이노베이트,2026-07-23,17000.0,17000.0,16560.0,17015.0,0.9991184249191889,1.0265700483091786,0.6,2.332599588155933,25.88,657.0,28166.0,4.12,700.0,1.0052455846716666,0.46814325935560314
005930,삼성전자,2026-07-23,270000.0,270000.0,257700.0,290250.0,0.9302325581395349,1.0477299185098952,4.22,10.320796287325969,40.88,6605.0,63997.0,0.62,1668.0,0.9837800699689863,0.4681046480212215
011700,한신기계공업,2026-07-23,2415.0,2415.0,2294.0,2416.5,0.9993792675356921,1.0527462946817785,0.89,0.0,0.0,0.0,2703.0,0.83,20.0,1.0113705163083428,0.46774581038254465
484870,엠앤씨솔루션,2026-07-23,21900.0,21900.0,21330.0,25692.5,0.8523888294249294,1.0267229254571026,3.09,23.413258110014105,13.19,1660.0,7090.0,11.37,2491.0,0.9481151019707683,0.46666058644868424
017900,광전자,2026-07-23,6060.0,6060.0,5794.0,6132.0,0.9882583170254403,1.0459095616154643,1.27,1.7767558528428091,71.29,85.0,4784.0,0.83,50.0,1.0054974656059388,0.46459978932477736
068270,셀트리온,2026-07-23,172200.0,172200.0,172460.0,174565.0,0.9864520379228368,0.9984924040357184,2.3,5.929628148740504,38.71,4449.0,75030.0,0.44,750.0,0.9942720242104495,0.46439113910111246
000880,한화,2026-07-23,94700.0,94700.0,90540.0,96825.0,0.9780531887425769,1.0459465429644357,0.71,3.0601125748682994,23.26,4072.0,133067.0,1.16,1100.0,1.0016035570722321,0.4633218275373771
009290,광동제약,2026-07-23,5920.0,5920.0,5948.0,5924.5,0.999240442231412,0.9952925353059852,0.45,3.9466707067646394,11.36,521.0,13201.0,1.69,100.0,0.9987621529668639,0.46200650420230166
005380,현대자동차,2026-07-23,432000.0,432000.0,414600.0,457975.0,0.9432829302909548,1.0419681620839363,0.98,8.210383104192783,11.97,36088.0,439541.0,2.31,10000.0,0.9872967332676116,0.4619625698515713
036570,NC,2026-07-23,225000.0,225000.0,218000.0,240950.0,0.9338036937123885,1.0321100917431192,1.3,10.302338716184286,12.59,17876.0,173514.0,0.51,1150.0,0.9811668643424061,0.4605004138077129
000490,대동,2026-07-23,6910.0,6910.0,6614.0,6935.0,0.996395097332372,1.044753553069247,0.39,0.0,0.0,0.0,17840.0,1.45,100.0,1.008337351740611,0.45908382673301856
129260,인터지스,2026-07-23,1950.0,1950.0,1944.2,1956.6,0.9966268015946029,1.0029832321777594,0.19,3.35034177337056,5.6,348.0,10387.0,5.13,100.0,0.999254929595933,0.45884049184779074
002450,삼익악기,2026-07-23,1120.0,1120.0,1119.8,1145.15,0.9780378116403964,1.000178603322022,0.3,6.273661438615467,4.83,232.0,3698.0,4.46,50.0,0.991252426805683,0.45840630081004957
014680,한솔케미칼,2026-07-23,236000.0,236000.0,235700.0,254175.0,0.9284941477328612,1.0012728044123886,2.37,13.506336753168377,17.58,13428.0,99420.0,1.1,2600.0,0.971689226072239,0.4580061231870368
452260,한화갤러리아,2026-07-23,2015.0,2015.0,1949.2,2018.6,0.9982165857525018,1.0337574389493125,0.48,0.4054376341521584,118.53,17.0,4193.0,0.0,0.0,1.0065023579499899,0.45695284117740964
183190,아세아시멘트,2026-07-23,9240.0,9240.0,9058.0,9258.5,0.9980018361505644,1.0200927357032457,0.31,1.5359607218683653,19.96,463.0,30144.0,2.71,250.0,1.003393331112502,0.456744226114395
012320,경동인베스트,2026-07-23,46250.0,46250.0,44790.0,47407.5,0.9755840320624374,1.0325965617325297,0.2,3.7350994543989358,5.45,8482.0,227089.0,1.62,750.0,0.9974728239245043,0.4567019468228147
004450,삼화왕관,2026-07-23,25450.0,25450.0,25220.0,25745.0,0.9885414643620121,1.0091197462331483,0.41,3.79271862718142,10.85,2345.0,61829.0,4.72,1200.0,0.997314924065389,0.4566929060855795
013570,디와이,2026-07-23,3855.0,3855.0,3786.0,3914.75,0.9847372118270643,1.0182250396196513,0.24,3.5846802087918994,6.76,570.0,15901.0,4.41,170.0,0.997779649865411,0.4564245980653551
009470,삼화전기,2026-07-23,23700.0,23700.0,22660.0,25692.5,0.9224481852680744,1.0458958517210943,1.67,10.035867501230749,16.61,1427.0,14219.0,2.53,600.0,0.9803252895672484,0.45605350487691887
336260,두산퓨얼셀,2026-07-23,45950.0,45950.0,41590.0,48322.5,0.9509027885560557,1.1048328925222408,10.23,0.0,0.0,0.0,4491.0,0.0,0.0,1.0071700029870887,0.45575016131839685
192650,드림텍,2026-07-23,4435.0,4435.0,4282.0,4442.75,0.998255584941759,1.0357309668379262,0.79,0.01771793054571226,4435.0,1.0,5644.0,5.1,226.0,1.006965562264705,0.45530220741210753
248070,솔루엠,2026-07-23,14850.0,14850.0,14444.0,15114.0,0.982532751091703,1.028108557186375,1.49,2.810843252975893,52.85,281.0,9997.0,0.51,75.0,0.9991332301170388,0.4543555185098591
264900,크라운제과,2026-07-23,8010.0,8010.0,8038.0,8156.0,0.9820990681706719,0.9965165464045782,0.45,5.4187745924676785,8.31,964.0,17790.0,3.5,280.0,0.9921227772787449,0.4543356601480724
009830,한화솔루션,2026-07-23,30000.0,30000.0,27620.0,31142.5,0.9633137994701774,1.0861694424330195,0.6,0.0,0.0,0.0,49942.0,0.0,0.0,1.0064580273446957,0.4537169312593103
003540,대신증권,2026-07-23,26200.0,26200.0,25650.0,26925.0,0.9730733519034355,1.0214424951267056,0.49,4.53503232596602,10.86,2413.0,53208.0,4.58,1200.0,0.9939239928977504,0.4527020519545888
078000,텔코웨어,2026-07-23,12540.0,12540.0,12550.0,12812.0,0.9787699032157352,0.999203187250996,0.58,5.4922327419799615,10.49,1195.0,21758.0,5.1,640.0,0.9913420809425426,0.4526695330078974
090460,비에이치,2026-07-23,18100.0,18100.0,17274.0,18888.0,0.958280389665396,1.047817529234688,0.79,4.298416829321188,18.26,991.0,23055.0,1.38,250.0,0.9945100855204825,0.45256117979165345
004440,삼일씨엔에스,2026-07-23,5430.0,5430.0,5062.0,5610.25,0.9678713069827548,1.0726985381272225,0.26,0.555608319878431,46.41,117.0,21058.0,0.0,0.0,1.0045299557269196,0.4524718011111226
487570,HS효성,2026-07-23,44050.0,44050.0,43490.0,44827.5,0.9826557358764152,1.0128765233386985,0.32,3.7930045871559632,8.32,5292.0,139520.0,2.27,1000.0,0.9957912756673761,0.452343928184544
011230,삼화전자공업,2026-07-23,2885.0,2885.0,2703.0,2959.75,0.9747444885547766,1.0673325934147244,2.7,0.0,0.0,0.0,1069.0,0.0,0.0,1.0057006794545278,0.45155412904560027
003670,포스코퓨처엠,2026-07-23,152200.0,152200.0,143260.0,155735.0,0.977301184704787,1.062404020661734,3.33,0.11152172486934464,2984.31,51.0,45731.0,0.16,250.0,1.0054008032533026,0.4515530184134516
005610,삼립,2026-07-23,37600.0,37600.0,37040.0,38115.0,0.986488259215532,1.0151187904967602,0.63,2.915186911955296,21.71,1732.0,59413.0,2.66,1000.0,0.9977896266527722,0.4513187267239889
001020,페이퍼코리아,2026-07-23,1998.0,1998.0,1891.6,2035.65,0.9815046790951293,1.0562486783675196,0.27,0.0,0.0,0.0,7410.0,0.0,0.0,1.005443751760521,0.45082040575597965
001460,BYC,2026-07-23,32850.0,32850.0,32230.0,33522.5,0.9799388470430308,1.0192367359602854,0.48,3.4408570888633685,13.88,2367.0,68791.0,1.22,400.0,0.9961195641356462,0.45058081165359987
361610,SK아이이테크놀로지,2026-07-23,14690.0,14690.0,13862.0,15006.0,0.9789417566306811,1.0597316404559227,0.46,0.0,0.0,0.0,31808.0,0.0,0.0,1.0053445153944387,0.4505370107204487
005820,원림,2026-07-23,13550.0,13550.0,13400.0,13722.5,0.9874294042630716,1.0111940298507462,0.22,2.944857063919,7.48,1812.0,61531.0,3.39,460.0,0.9973157984897882,0.45019312942541473
000990,DB하이텍,2026-07-23,110100.0,110100.0,106460.0,121360.0,0.9072181938035596,1.0341912455382303,2.19,12.488574494297183,17.52,6285.0,50326.0,0.74,810.0,0.9714046616274865,0.44938822908495196
010580,에스엠벡셀,2026-07-23,1609.0,1609.0,1595.6,1624.65,0.9903671560028313,1.0083980947605917,2.55,2.3771790808240887,107.27,15.0,631.0,0.0,0.0,0.9978865471281059,0.44746951118274764
081000,일진다이아,2026-07-23,8840.0,8840.0,8634.0,8962.0,0.9863869671948226,1.023859161454714,0.3,1.664713586544427,18.3,483.0,29014.0,3.39,300.0,0.9996759074954572,0.44711557356934173
003920,남양유업,2026-07-23,42150.0,42150.0,41540.0,42247.5,0.9976921711343867,1.0146846413095811,0.35,0.7380380488534646,47.47,888.0,120319.0,3.39,1428.0,1.002112163565558,0.44696623070978575
123690,한국화장품,2026-07-23,6140.0,6140.0,6042.0,6272.0,0.9789540816326531,1.0162197947699436,2.94,3.3524904214559386,87.71,70.0,2088.0,0.0,0.0,0.9950635095150274,0.446887288918184
019170,신풍제약,2026-07-23,7900.0,7900.0,7792.0,8058.0,0.9803921568627451,1.0138603696098563,1.5,3.2656161002468194,45.93,172.0,5267.0,0.0,0.0,0.9951119527165218,0.4463593893983662
293480,하나제약,2026-07-23,8510.0,8510.0,8530.0,8587.0,0.9910329567951555,0.9976553341148886,0.48,2.8470350404312668,16.79,507.0,17808.0,3.06,260.0,0.9959380240394468,0.4455083393599385
034220,LG디스플레이,2026-07-23,10480.0,10480.0,10126.0,10847.5,0.9661212260889606,1.034959510171835,0.79,3.429739551786796,23.13,453.0,13208.0,0.0,0.0,0.994370497529697,0.44550064019180724
457190,이수스페셜티케미컬,2026-07-23,60700.0,60700.0,56660.0,63100.0,0.9619651347068146,1.0713025061771972,13.8,0.5911778080945885,2334.62,26.0,4398.0,0.0,0.0,1.0019574149582993,0.44539803090076147
100250,진양홀딩스,2026-07-23,2930.0,2930.0,2962.0,2984.5,0.9817389847545652,0.9891964888588791,0.45,4.828011722967762,9.36,313.0,6483.0,6.83,200.0,0.9905023128160814,0.445177429168015
002710,TCC스틸,2026-07-23,9300.0,9300.0,8858.0,9490.0,0.9799789251844047,1.0498983969293294,1.0,0.0,0.0,0.0,9346.0,0.75,70.0,1.0033004712450582,0.4446997155109498
006220,제주은행,2026-07-23,9550.0,9550.0,9280.0,9716.0,0.9829147797447509,1.0290948275862069,0.56,1.3197850969399672,42.26,226.0,17124.0,1.05,100.0,0.999507122982354,0.4439882997268638
079430,현대리바트,2026-07-23,5690.0,5690.0,5634.0,5746.5,0.9901679283041852,1.0099396521121762,0.27,1.7705075775799854,15.46,368.0,20785.0,2.28,130.0,0.9981329377042674,0.4435205624588224
007460,에이프로젠,2026-07-23,2310.0,2310.0,2224.0,2344.0,0.985494880546075,1.0386690647482015,0.3,0.0,0.0,0.0,7695.0,0.0,0.0,1.0027236231492622,0.44305237700937256
003200,일신방직,2026-07-23,10040.0,10040.0,9784.0,10381.5,0.9671049462987045,1.0261651676206052,0.24,3.6517777464656427,6.46,1555.0,42582.0,3.98,400.0,0.992677379241149,0.4423683213414596
480370,씨케이솔루션,2026-07-23,1224.0,1224.0,1145.8,1269.1,0.9644630052793319,1.0682492581602374,0.54,0.0,0.0,0.0,2264.0,0.0,0.0,1.0020873690951813,0.44123538947364016
017810,풀무원,2026-07-23,8990.0,8990.0,8824.0,9095.5,0.9884008575669287,1.0188123300090661,1.07,0.9994051160023795,107.02,84.0,8405.0,1.13,102.0,0.9993474276904487,0.4410752456922203
450080,에코프로머티,2026-07-23,37050.0,37050.0,34940.0,38870.0,0.9531772575250836,1.0603892386949056,2.45,2.28099173553719,107.39,345.0,15125.0,0.0,0.0,0.9957910425737738,0.44074759410145176
145720,덴티움,2026-07-23,38800.0,38800.0,38440.0,39590.0,0.9800454660267744,1.0093652445369408,0.59,2.917906099543071,20.39,1903.0,65218.0,1.55,600.0,0.9940000509909193,0.44051746964835675
058430,포스코스틸리온,2026-07-23,4585.0,4585.0,4456.0,4785.0,0.9582027168234065,1.0289497307001796,0.72,4.452429307920638,16.09,285.0,6401.0,2.38,109.0,0.9898672260899092,0.4404834232979178
489790,한화비전,2026-07-23,45900.0,45900.0,44990.0,47960.0,0.9570475396163469,1.0202267170482329,2.67,5.247847335350244,50.89,902.0,17188.0,0.0,0.0,0.9873653880271048,0.4394388623837945
377740,바이오노트,2026-07-23,4570.0,4570.0,4530.0,4574.5,0.9990162859328888,1.0088300220750552,0.3,0.0,0.0,0.0,15047.0,4.99,228.0,1.0014068776017933,0.43929207052152147
023350,한국종합기술,2026-07-23,4100.0,4100.0,4124.0,4217.5,0.972139893301719,0.9941804073714839,0.25,5.006708135138432,4.99,821.0,16398.0,3.66,150.0,0.9876404317376503,0.43837501742743223
023960,에쓰씨엔지니어링,2026-07-23,998.0,998.0,988.6,1000.35,0.9976508222122257,1.0095083957111066,0.8,0.0,0.0,0.0,1242.0,0.0,0.0,1.0010066818511154,0.4381492083485094
005420,코스모화학,2026-07-23,9590.0,9590.0,9114.0,9862.5,0.9723700887198986,1.0522273425499231,1.67,0.0,0.0,0.0,5730.0,0.0,0.0,1.0009789910812845,0.43807013021405217
025560,미래산업,2026-07-23,41750.0,41750.0,41750.0,44252.5,0.9434495226258404,1.0,1.52,8.728597449908925,17.42,2396.0,27450.0,0.0,0.0,0.9773798090503362,0.4376164354277197
001290,상상인증권,2026-07-23,741.0,741.0,716.2,753.95,0.9828237946813448,1.034627199106395,0.4,0.0,0.0,0.0,1839.0,0.0,0.0,1.0007484661579147,0.4374118068450268
002780,진흥기업,2026-07-23,813.0,813.0,767.6,841.05,0.9666488318173712,1.0591453882230328,0.49,0.0,0.0,0.0,1644.0,0.0,0.0,1.0005547081136545,0.4368584807811527
008040,사조동아원,2026-07-23,802.0,802.0,795.8,804.3,0.9971403705085168,1.007790902236743,0.89,0.0,0.0,0.0,901.0,0.0,0.0,1.0004472629633314,0.4365516434452492
020000,한섬,2026-07-23,21350.0,21350.0,21270.0,21844.5,0.9773627228821901,1.003761165961448,0.32,3.217610927622435,9.92,2153.0,66913.0,3.51,750.0,0.9917368890982586,0.4363528718392611
298690,에어부산,2026-07-23,1490.0,1490.0,1444.2,1515.1,0.9834334367368491,1.031713059133084,1.08,0.0,0.0,0.0,1383.0,0.0,0.0,1.000309599059812,0.43615850866644423
001720,신영증권,2026-07-23,147800.0,147800.0,144760.0,155845.0,0.9483781962847702,1.0210002763194252,0.65,5.975873584251568,10.85,13618.0,227883.0,3.38,5000.0,0.9841488199031121,0.4358363760418738
003530,한화투자증권,2026-07-23,4435.0,4435.0,4338.0,4647.0,0.9543791693565742,1.0223605348086675,0.47,4.924082665541966,9.5,467.0,9484.0,0.0,0.0,0.9868185158496937,0.4353941676304222
353200,대덕전자,2026-07-23,123200.0,123200.0,124280.0,127140.0,0.9690105395626868,0.9913099452848407,7.07,5.304552500143521,133.33,924.0,17419.0,0.41,500.0,0.9857880121606795,0.4353691322847766
001510,SK증권,2026-07-23,2250.0,2250.0,2184.0,2368.75,0.9498680738786279,1.0302197802197801,0.78,4.780048493245584,16.3,138.0,2887.0,0.0,0.0,0.98693397894981,0.43461930023430995
456040,OCI,2026-07-23,88300.0,88300.0,86400.0,89415.0,0.9875300564782196,1.0219907407407407,0.7,0.0,0.0,0.0,125846.0,0.0,0.0,0.9997067745903931,0.43443698793090907
007280,한국특강,2026-07-23,1942.0,1942.0,1912.6,1979.75,0.9809319358504862,1.0153717452682214,0.26,1.3905602353255784,18.67,104.0,7479.0,20.6,400.0,0.9956556775435568,0.4335322805185231
004100,태양금속공업,2026-07-23,2405.0,2405.0,2478.0,2412.0,0.9970978441127695,0.9705407586763519,0.58,2.251497005988024,25.59,94.0,4175.0,0.42,10.0,0.993269728837652,0.4333211366058268
002310,아세아제지,2026-07-23,7500.0,7500.0,7426.0,7734.5,0.969681298080031,1.0099649878804202,0.34,3.444828213052172,9.89,758.0,22004.0,3.33,250.0,0.9900245031038419,0.43320524767620316
003490,대한항공,2026-07-23,25750.0,25750.0,25570.0,27230.0,0.9456481821520382,1.0070394994133751,0.87,7.191746181597491,12.07,2133.0,29659.0,2.91,750.0,0.9798388300189396,0.4328526490338194
004250,엔피씨,2026-07-23,2950.0,2950.0,2919.0,3033.25,0.9725541910492046,1.0106200753682768,0.25,2.8755619645432184,8.7,339.0,11789.0,3.56,105.0,0.9913056972443733,0.4324983093312945
000040,KR모터스,2026-07-23,267.0,267.0,267.0,267.8,0.9970126960418222,1.0,0.53,0.0,0.0,0.0,506.0,0.0,0.0,0.9988050784167288,0.4318619619675269
249420,일동제약,2026-07-23,13920.0,13920.0,13738.0,15330.0,0.9080234833659491,1.0132479254622215,1.78,12.044495588799386,14.78,942.0,7821.0,1.44,200.0,0.966409290176224,0.4317170042215974
006650,대한유화,2026-07-23,103000.0,103000.0,99540.0,106750.0,0.9648711943793911,1.0347598955193893,0.35,1.728026065122416,20.06,5134.0,297102.0,1.26,1300.0,0.9938395438690106,0.4309338772385957
004060,SG세계물산,2026-07-23,2415.0,2415.0,2382.0,2449.75,0.9858148790692928,1.013853904282116,0.18,0.3032600454890068,60.38,40.0,13190.0,0.0,0.0,0.9972499892679123,0.42974671354494104
004910,조광페인트,2026-07-23,3465.0,3465.0,3445.0,3495.25,0.991345397324941,1.0058055152394776,0.17,0.0,0.0,0.0,20669.0,5.77,200.0,0.9977326475314986,0.4287993590042933
013890,지누스,2026-07-23,8800.0,8800.0,8818.0,8841.5,0.9953062263190635,0.997958720798367,0.3,0.0,0.0,0.0,29617.0,1.02,90.0,0.9977120644645431,0.42874057874841054
109070,주성코퍼레이션,2026-07-23,1386.0,1386.0,1359.4,1482.5,0.9349072512647555,1.01956745623069,2.53,7.116788321167883,35.54,39.0,548.0,0.0,0.0,0.9785263084770313,0.4285295513760868
053210,케이티스카이라이프,2026-07-23,4080.0,4080.0,4053.0,4156.25,0.9816541353383459,1.006661732050333,0.36,1.2821631051024858,27.76,147.0,11465.0,8.58,350.0,0.9940601971249367,0.42814467412981905
092440,기신정기,2026-07-23,1879.0,1879.0,1886.8,1903.1,0.9873364510535443,0.9958660165359339,0.22,1.2498539890199742,17.56,107.0,8561.0,5.32,100.0,0.9940936207460047,0.42799234439361294
226320,잇츠한불,2026-07-23,9410.0,9410.0,9530.0,9689.5,0.9711543423293255,0.9874081846799581,0.43,4.290041137380769,9.92,949.0,22121.0,2.92,275.0,0.985860463726082,0.4277957206832345
097230,HJ중공업,2026-07-23,15920.0,15920.0,15022.0,17637.0,0.9026478426036174,1.0597789908134736,2.15,7.686084142394822,27.93,570.0,7416.0,0.0,0.0,0.9765602560858615,0.42728092716139326
029460,케이씨,2026-07-23,28700.0,28700.0,28630.0,29995.0,0.9568261376896149,1.0024449877750612,0.37,5.112561850729256,7.27,3947.0,77202.0,1.5,430.0,0.9832639588260635,0.4266886654504449
012170,아센디오,2026-07-23,768.0,768.0,759.6,778.9,0.9860059057645397,1.0110584518167456,1.15,0.0,0.0,0.0,667.0,0.0,0.0,0.9967236575581434,0.42591792792577005
002240,고려제강,2026-07-23,17000.0,17000.0,16684.0,17392.0,0.9774609015639374,1.0189403020858308,0.25,0.5286448278934395,47.75,356.0,67342.0,2.06,350.0,0.995080832585445,0.42528060936858614
011930,신성이엔지,2026-07-23,16240.0,16240.0,15304.0,17020.5,0.9541435327986839,1.0611604809200208,1.42,0.0,0.0,0.0,11470.0,0.0,0.0,0.9963566980581962,0.42486998043805485
005250,녹십자홀딩스,2026-07-23,9650.0,9650.0,9400.0,9893.5,0.975387880931925,1.0265957446808511,0.49,0.0,0.0,0.0,19826.0,3.11,300.0,0.9960049527467529,0.4238654809892179
009150,삼성전기,2026-07-23,1448000.0,1448000.0,1331000.0,1649050.0,0.8780813195476184,1.0879038317054845,11.46,7.398932716821586,154.95,9345.0,126302.0,0.16,2350.0,0.9755948504923184,0.4223217902859814
004980,성신양회,2026-07-23,8100.0,8100.0,8002.0,8509.5,0.9518773135906927,1.0122469382654335,0.34,4.419421749989417,7.76,1044.0,23623.0,4.32,350.0,0.9834924722606291,0.4220255338699683
090370,메타랩스,2026-07-23,1068.0,1068.0,1060.6,1084.85,0.9844678987878509,1.0069771827267586,0.38,0.0,0.0,0.0,2808.0,0.0,0.0,0.9952449813418209,0.4216951866525177
000020,동화약품,2026-07-23,5020.0,5020.0,5145.0,5101.75,0.9839760866369383,0.9757045675413022,0.37,2.2860064271107214,16.04,313.0,13692.0,1.29,65.0,0.9888137338113986,0.4208605473526759
034020,두산에너빌리티,2026-07-23,73200.0,73200.0,68740.0,77880.0,0.9399075500770416,1.0648821646784987,6.02,1.085883514313919,554.55,132.0,12156.0,0.0,0.0,0.9919852823715574,0.42071394633293074
000430,대원강업,2026-07-23,3590.0,3590.0,3564.0,3824.0,0.9388075313807531,1.0072951739618405,0.4,6.481174781936623,6.12,587.0,9057.0,3.06,110.0,0.977180451657439,0.4198115723116961
002320,한진,2026-07-23,15140.0,15140.0,14846.0,15531.0,0.9748245444594682,1.0198033140239795,0.16,0.0,0.0,0.0,94858.0,3.96,600.0,0.9942398533297183,0.41882478440031684
084870,티비에이치글로벌,2026-07-23,1893.0,1893.0,1946.0,1914.0,0.9890282131661442,0.972764645426516,0.64,1.4468371467025571,44.02,43.0,2972.0,2.64,50.0,0.9903463525641645,0.4188017230033875
214390,경보제약,2026-07-23,5090.0,5090.0,5134.0,5150.25,0.9883015387602544,0.9914296844565641,0.83,0.13123359580052493,636.25,8.0,6096.0,0.98,50.0,0.9935957360173684,0.4179917753825679
003070,코오롱글로벌,2026-07-23,9000.0,9000.0,8788.0,9271.5,0.970716712506067,1.024123805188894,0.33,0.0,0.0,0.0,26910.0,4.44,400.0,0.9936146595357059,0.4170393822895538
003220,대원제약,2026-07-23,7720.0,7720.0,7742.0,7834.0,0.9854480469747255,0.9971583570136916,0.62,0.0,0.0,0.0,12407.0,3.24,250.0,0.9935975416526878,0.4169904977600445
085310,엔케이,2026-07-23,8070.0,8070.0,7986.0,8253.0,0.9778262450018175,1.010518407212622,0.35,0.0,0.0,0.0,23370.0,1.24,100.0,0.9933702955089618,0.41634153779186056
161000,애경케미칼,2026-07-23,9070.0,9070.0,8774.0,9407.0,0.9641756139045392,1.0337360382949623,0.61,0.0,0.0,0.0,14790.0,1.54,140.0,0.9933254966880436,0.4162136032055081
070960,모나용평,2026-07-23,2175.0,2175.0,2127.0,2240.25,0.970873786407767,1.0225669957686883,0.29,0.0,0.0,0.0,7586.0,0.0,0.0,0.9933192399787891,0.41619573555868183
075180,새론오토모티브,2026-07-23,2915.0,2915.0,2958.0,2943.0,0.9904858987427795,0.9854631507775524,0.23,0.0,0.0,0.0,12758.0,4.8,140.0,0.9933166264502216,0.4161882719538512
089590,제주항공,2026-07-23,4290.0,4290.0,4202.0,4415.0,0.9716874292185731,1.0209424083769634,1.26,0.0,0.0,0.0,3415.0,0.0,0.0,0.9932675967815574,0.41604825509066196
035000,HS애드,2026-07-23,5910.0,5910.0,5856.0,6412.0,0.9217092950717405,1.0092213114754098,0.45,8.195092118339577,5.51,1072.0,13081.0,9.31,550.0,0.9708478211959135,0.41487119240772263
006570,대림통상,2026-07-23,2075.0,2075.0,2039.0,2133.7,0.9724891034353471,1.0176557135850908,0.83,0.0,0.0,0.0,2512.0,0.0,0.0,0.9928402294820757,0.41482779755273796
072130,유엔젤,2026-07-23,4790.0,4790.0,4741.0,5153.75,0.9294203250060635,1.0103353722843282,0.94,6.891839125341663,13.57,353.0,5122.0,2.09,100.0,0.9741662973458576,0.4143532735713743
013360,일성건설,2026-07-23,1424.0,1424.0,1364.8,1532.0,0.9295039164490861,1.0433763188745604,1.05,3.766617429837518,27.92,51.0,1354.0,0.0,0.0,0.9823704388443184,0.4138149036808633
008770,호텔신라,2026-07-23,47300.0,47300.0,46610.0,48615.0,0.9729507353697419,1.014803690195237,1.62,0.0,0.0,0.0,29223.0,0.0,0.0,0.9923852481601332,0.41352848105226436
012610,경인양행,2026-07-23,2970.0,2970.0,2881.0,3138.25,0.946387317772644,1.0308920513710518,0.51,2.34653970413195,21.52,138.0,5881.0,1.68,50.0,0.9857462560755587,0.4125648049800964
008730,율촌화학,2026-07-23,13560.0,13560.0,13126.0,14271.5,0.9501453946676943,1.0330641474935243,1.15,1.425782907578715,80.71,168.0,11783.0,1.84,250.0,0.987732543080426,0.4111758504013815
008060,대덕,2026-07-23,14570.0,14570.0,14346.0,15102.5,0.9647409369309717,1.0156141084622892,0.82,0.5818551576093097,141.46,103.0,17702.0,7.93,1155.0,0.989332047265753,0.40927154181911457
004870,티웨이홀딩스,2026-07-23,247.0,247.0,247.0,252.8,0.9770569620253164,1.0,0.3,0.0,0.0,0.0,832.0,0.0,0.0,0.9908227848101265,0.40906646401081465
011790,SKC,2026-07-23,87800.0,87800.0,82080.0,94130.0,0.9327525762243706,1.0696881091617934,3.82,0.0,0.0,0.0,22956.0,0.0,0.0,0.9906070862556015,0.40845048116161514
034120,SBS,2026-07-23,11560.0,11560.0,11558.0,11890.5,0.972204701232076,1.0001730403183942,0.17,0.6196602601714442,26.7,433.0,69877.0,2.85,330.0,0.9889184240817055,0.4083802625256088
017180,명문제약,2026-07-23,1220.0,1220.0,1258.6,1247.95,0.9776032693617532,0.9693310027014144,0.41,1.929587000677048,21.4,57.0,2954.0,0.0,0.0,0.9850121999220626,0.40727089649966003
372910,한컴라이프케어,2026-07-23,1662.0,1662.0,1677.6,1695.9,0.9800106138333627,0.9907010014306152,0.36,0.0,0.0,0.0,4590.0,0.0,0.0,0.9901043086241572,0.4070146699731131
007700,F&F 홀딩스,2026-07-23,13930.0,13930.0,14008.0,14800.0,0.9412162162162162,0.9944317532838378,0.24,5.437739738758681,4.33,3218.0,59179.0,3.59,500.0,0.9752536465648973,0.40630695122679694
011280,태림포장,2026-07-23,1649.0,1649.0,1632.8,1701.65,0.969059442305997,1.0099216070553652,0.37,0.0,0.0,0.0,4398.0,0.0,0.0,0.989768672516356,0.40605617450969733
001740,SK네트웍스,2026-07-23,8150.0,8150.0,7760.0,8808.5,0.9252426633365499,1.050257731958763,0.78,2.464046021093001,31.71,257.0,10430.0,3.07,250.0,0.9825415381932517,0.40431406579704576
000850,화천기공,2026-07-23,33250.0,33250.0,33010.0,35147.5,0.9460132299594566,1.007270524083611,0.22,3.3525599481529484,6.43,5173.0,154300.0,3.91,1300.0,0.9800362599654949,0.403973635636649
005440,현대지에프홀딩스,2026-07-23,12800.0,12800.0,12780.0,14185.5,0.9023298438546403,1.001564945226917,0.5,10.300880816899213,4.84,2643.0,25658.0,2.34,300.0,0.9613069485255972,0.4037741218258505
023150,MH에탄올,2026-07-23,4180.0,4180.0,4131.0,4332.25,0.9648565987650759,1.0118615347373516,0.45,0.0,0.0,0.0,9350.0,5.98,250.0,0.9885353523733706,0.4025341107790245
272450,진에어,2026-07-23,5170.0,5170.0,5036.0,5410.5,0.9555493946954995,1.0266084193804608,1.19,0.0,0.0,0.0,4355.0,0.0,0.0,0.9882781465363256,0.4017995931802275
005320,온타이드,2026-07-23,814.0,814.0,822.0,835.1,0.9747335648425338,0.9902676399026764,0.29,0.0,0.0,0.0,2778.0,0.0,0.0,0.9878858863006048,0.40067939291667454
000860,강남제비스코,2026-07-23,12320.0,12320.0,12568.0,12596.5,0.9780494581828285,0.98026734563972,0.26,0.0,0.0,0.0,47663.0,2.03,250.0,0.9872553940864874,0.3988788598008859
102460,이연제약,2026-07-23,9890.0,9890.0,10150.0,10086.5,0.9805185148465771,0.9743842364532019,0.82,0.0,0.0,0.0,12010.0,0.0,0.0,0.987148759291244,0.3985743366428959
000670,영풍,2026-07-23,35650.0,35650.0,34760.0,37412.5,0.9528900768459739,1.0256041426927502,0.18,0.0,0.0,0.0,195772.0,0.01,5.0,0.9870029801027868,0.3981580265750903
446070,유니드비티플러스,2026-07-23,3160.0,3160.0,3168.0,3267.25,0.9671742290917438,0.9974747474747475,0.17,0.0,0.0,0.0,18087.0,0.0,0.0,0.9863339570623985,0.39624745874812506
008700,아남전자,2026-07-23,1074.0,1074.0,1059.6,1156.65,0.9285436389573336,1.013590033975085,0.62,4.092219020172911,15.13,71.0,1735.0,0.0,0.0,0.9745915771221797,0.39409740554517547
019680,대교,2026-07-23,916.0,916.0,941.0,938.15,0.9763897031391569,0.973432518597237,0.27,0.0,0.0,0.0,3375.0,6.55,60.0,0.9852746686491486,0.39322238750295885
084670,동양고속,2026-07-23,25100.0,25100.0,24570.0,27480.0,0.913391557496361,1.0215710215710216,1.2,5.431768193554556,22.1,1136.0,20914.0,0.0,0.0,0.9705845343399929,0.39292730120024244
011390,부산산업,2026-07-23,41050.0,41050.0,40590.0,42997.5,0.9547066689923833,1.0113328406011333,0.34,0.0,0.0,0.0,119423.0,0.61,250.0,0.9844030533926005,0.39073326535600506
001340,PKC,2026-07-23,5130.0,5130.0,5045.0,5574.75,0.9202206376967577,1.0168483647175421,1.01,4.528376507810955,22.4,229.0,5057.0,0.58,30.0,0.9720983457061699,0.390322244103561
032830,삼성생명,2026-07-23,329500.0,329500.0,319600.0,359450.0,0.9166782584504104,1.030976220275344,0.94,3.671416260846911,25.69,12824.0,349293.0,1.61,5300.0,0.9742402042753747,0.38986682175256515
027740,마니커,2026-07-23,984.0,984.0,992.8,1020.05,0.9646585951669037,0.9911361804995972,0.74,0.0,0.0,0.0,1328.0,0.0,0.0,0.9839959576012631,0.3895706983374302
137310,에스디바이오센서,2026-07-23,6050.0,6050.0,6070.0,6296.5,0.9608512665766695,0.9967051070840197,0.31,0.0,0.0,0.0,19476.0,3.31,200.0,0.9836341180104373,0.3885373720705907
027970,한국제지,2026-07-23,520.0,520.0,529.8,537.0,0.9683426443202979,0.9815024537561344,0.24,0.0,0.0,0.0,2136.0,0.0,0.0,0.9835383437620605,0.38826386400501745
475560,더본코리아,2026-07-23,13890.0,13890.0,13966.0,14455.5,0.9608799418906299,0.9945582128025204,0.83,0.0,0.0,0.0,16648.0,3.6,500.0,0.9831899102141124,0.3872688221509153
012200,계양전기,2026-07-23,4370.0,4370.0,4188.0,4691.25,0.9315214495070611,1.0434574976122255,5.95,0.0,0.0,0.0,734.0,0.0,0.0,0.9831648263051451,0.38719718857994057
020150,롯데에너지머티리얼즈,2026-07-23,33150.0,33150.0,31010.0,36317.5,0.9127830935499415,1.0690099967752338,1.05,0.0,0.0,0.0,31623.0,0.0,0.0,0.9829493311690157,0.3865817866444297
020560,아시아나항공,2026-07-23,6940.0,6940.0,6916.0,7282.5,0.9529694473051836,1.0034702139965297,1.92,0.0,0.0,0.0,3623.0,0.0,0.0,0.9819516786897131,0.3837327327040132
028260,삼성물산,2026-07-23,360000.0,360000.0,344200.0,403450.0,0.8923038790432519,1.0459035444509006,1.18,4.886580835947925,24.15,14905.0,305019.0,0.78,2800.0,0.9687987879668596,0.3836465849627128
058730,다스코,2026-07-23,4170.0,4170.0,4281.0,4312.5,0.9669565217391304,0.9740714786264891,0.52,0.0,0.0,0.0,8046.0,0.0,0.0,0.9815211480454586,0.3825032414192918
000650,천일고속,2026-07-23,155300.0,155300.0,153640.0,163870.0,0.9477024470616953,1.0108044780005208,23.12,0.0,0.0,0.0,6716.0,0.0,0.0,0.9815116731919644,0.38247618353165797
336370,솔루스첨단소재,2026-07-23,7320.0,7320.0,7052.0,7876.5,0.9293467910874119,1.0380034032898469,0.97,0.0,0.0,0.0,7584.0,0.14,10.0,0.9809306523973196,0.3808169288124155
010780,아이에스동서,2026-07-23,19000.0,19000.0,18270.0,20536.5,0.9251819930367882,1.0399562123700055,0.45,0.0,0.0,0.0,41857.0,2.63,500.0,0.9798279382174164,0.37766784409144905
095720,웅진씽크빅,2026-07-23,1162.0,1162.0,1201.0,1203.75,0.9653167185877466,0.9675270607826811,0.25,0.0,0.0,0.0,4654.0,14.63,170.0,0.9796024254623398,0.37702383426157876
001770,SHD,2026-07-23,6090.0,6090.0,6336.0,6444.5,0.9449918535185041,0.9611742424242424,0.13,3.5523199719322864,3.76,1620.0,45604.0,3.28,200.0,0.9699701207513101,0.3767591442954854
011070,LG이노텍,2026-07-23,679000.0,679000.0,645000.0,778150.0,0.87258240699094,1.0527131782945736,2.79,5.921603731747779,47.08,14421.0,243532.0,0.28,1880.0,0.9631835196478229,0.3755483573955317
001040,CJ,2026-07-23,133700.0,133700.0,132020.0,145085.0,0.9215287590033429,1.0127253446447508,0.86,2.7493466198035352,31.3,4271.0,155346.0,2.47,3300.0,0.9716149428036682,0.37529833298060344
454910,두산로보틱스,2026-07-23,69800.0,69800.0,66020.0,76630.0,0.9108704162860498,1.0572553771584368,12.98,0.0,0.0,0.0,5378.0,0.0,0.0,0.9789702170297613,0.3752184000413768
000480,시알홀딩스,2026-07-23,4640.0,4640.0,4741.0,4850.0,0.9567010309278351,0.9786964775363848,0.34,0.0,0.0,0.0,13605.0,8.84,410.0,0.9782281958001814,0.3730993670595863
003160,디아이,2026-07-23,20600.0,20600.0,20108.0,22687.0,0.9080089919337065,1.0244678734831907,3.28,3.1175441386989027,105.1,196.0,6287.0,1.21,250.0,0.9692097495229818,0.3712534002566761
011090,에넥스,2026-07-23,1290.0,1290.0,1753.4,1309.55,0.9850712076667558,0.7357134709706855,0.37,0.0,0.0,0.0,3455.0,0.0,0.0,0.9770013711166406,0.36959585278847934
085620,미래에셋생명,2026-07-23,16340.0,16340.0,16074.0,18351.5,0.8903904312998937,1.016548463356974,0.87,5.340582027502398,16.31,1002.0,18762.0,0.0,0.0,0.9602873593535843,0.3628217532437715
031430,신세계인터내셔날,2026-07-23,11380.0,11380.0,11332.0,12234.0,0.930194539807095,1.0042357924461702,0.47,0.509992536694585,92.52,123.0,24118.0,3.51,400.0,0.9730498946274209,0.3622225395073665
002700,신일전자,2026-07-23,1016.0,1016.0,1051.4,1106.25,0.9184180790960452,0.9663306068099676,0.83,4.995904995904995,16.66,61.0,1221.0,1.97,20.0,0.9599655957243987,0.359259536521775
302440,SK바이오사이언스,2026-07-23,33650.0,33650.0,33760.0,35995.0,0.9348520627864981,0.9967417061611374,1.48,0.0,0.0,0.0,22806.0,0.0,0.0,0.9732082408101704,0.3587635909835305
015590,DKME,2026-07-23,1864.0,1864.0,1864.2,2001.55,0.9312782593490045,0.9998927153738869,0.71,0.0,0.0,0.0,2640.0,0.0,0.0,0.9724869019879403,0.3567036219497376
066970,엘앤에프,2026-07-23,89100.0,89100.0,85980.0,98080.0,0.908442088091354,1.0362875087229588,5.1,0.0,0.0,0.0,17482.0,0.0,0.0,0.9724250337818993,0.35652694133212315
007110,일신석재,2026-07-23,827.0,827.0,820.8,893.8,0.9252629223539942,1.0075536062378168,1.09,0.0,0.0,0.0,758.0,0.0,0.0,0.9718626627357534,0.35492094577932504
003780,진양산업,2026-07-23,4155.0,4155.0,4467.0,4632.5,0.8969239071775499,0.9301544660846206,0.8,10.340821068938807,7.78,534.0,5164.0,8.62,358.0,0.9438023396615657,0.35409149982927135
006740,블루산업개발,2026-07-23,883.0,883.0,881.8,951.85,0.9276671744497558,1.0013608528010887,0.24,0.0,0.0,0.0,3615.0,0.0,0.0,0.9713791003238217,0.35354000860557655
462520,조선내화,2026-07-23,13760.0,13760.0,13616.0,15032.0,0.9153805215540181,1.0105757931844888,0.74,1.0061008241464198,73.19,188.0,18686.0,7.27,1000.0,0.9686658590932371,0.3535074636283251
403550,쏘카,2026-07-23,9680.0,9680.0,9618.0,10477.5,0.9238845144356955,1.0064462466209192,1.93,0.0,0.0,0.0,5020.0,0.95,92.0,0.9710545768916639,0.35261324825332135
195870,해성디에스,2026-07-23,53700.0,53700.0,53980.0,59520.0,0.9022177419354839,0.9948128936643201,1.62,4.220133742996566,38.33,1401.0,33198.0,1.68,900.0,0.9596565534028931,0.3524275752550523
101140,인바이오젠,2026-07-23,5170.0,5170.0,5157.0,5583.25,0.9259839699099986,1.0025208454527825,0.33,0.0,0.0,0.0,15788.0,0.0,0.0,0.9709747380512334,0.35238524785473985
010040,한국내화,2026-07-23,1443.0,1443.0,1454.0,1550.15,0.9308776570009354,0.9924346629986245,0.34,0.0,0.0,0.0,4239.0,0.0,0.0,0.9706502955897112,0.3514587187350164
281820,케이씨텍,2026-07-23,86100.0,86100.0,93500.0,95870.0,0.8980911651194325,0.9208556149732621,3.2,9.993674889310562,32.06,2686.0,26877.0,0.52,450.0,0.9426249784551162,0.3480669676097202
005680,삼영전자공업,2026-07-23,13380.0,13380.0,13402.0,14601.5,0.9163442112111769,0.9983584539620952,0.47,0.9471497482483011,49.74,269.0,28401.0,2.24,300.0,0.9661554346688026,0.3458862018347331
001080,만호제강,2026-07-23,4015.0,4015.0,4068.0,4323.0,0.9287531806615776,0.9869714847590954,0.72,0.0,0.0,0.0,5544.0,0.0,0.0,0.9685881649706549,0.3455697729470176
037710,광주신세계,2026-07-23,39000.0,39000.0,39880.0,43942.5,0.8875234681686295,0.9779338014042126,0.34,5.139235373454042,6.69,5830.0,113441.0,6.15,2400.0,0.9497801363355013,0.3312715351307165
091810,트리니티항공,2026-07-23,600.0,600.0,586.4,671.65,0.8933224149482618,1.0231923601637107,4.05,0.0,0.0,0.0,148.0,0.0,0.0,0.9631449255153336,0.33002519891894083
032350,롯데관광개발,2026-07-23,11550.0,11550.0,11260.0,13802.0,0.8368352412693812,1.0257548845470692,2.47,7.611716912550781,32.44,356.0,4677.0,0.0,0.0,0.941782448189479,0.3273936034788296
007120,미래아이앤지,2026-07-23,1110.0,1110.0,1136.2,1214.3,0.9141068928600841,0.9769406794578419,0.62,0.0,0.0,0.0,1780.0,0.0,0.0,0.9604376515188953,0.3222938798400453
002880,디와이에이,2026-07-23,783.0,783.0,798.2,859.8,0.9106769016050245,0.98095715359559,0.79,0.0,0.0,0.0,997.0,0.0,0.0,0.9599164647556327,0.3208054966280836
010960,삼호개발,2026-07-23,3195.0,3195.0,3231.0,3745.75,0.8529666955883335,0.9888579387186629,0.3,7.898953718540862,3.81,838.0,10609.0,6.26,200.0,0.938345798404394,0.31978219075412595
007810,코리아써키트,2026-07-23,64100.0,64100.0,66040.0,75890.0,0.8446435630517855,0.9706238643246518,3.99,10.74051026757934,37.14,1726.0,16070.0,0.16,100.0,0.9304570699454302,0.3190458680586955
180640,한진칼,2026-07-23,104900.0,104900.0,105720.0,120355.0,0.8715882181878609,0.9922436625047295,2.11,4.656921961826528,45.35,2313.0,49668.0,0.34,360.0,0.9467067558510576,0.3187958296514584
001820,삼화콘덴서공업,2026-07-23,90200.0,90200.0,85800.0,109180.0,0.8261586371130244,1.0512820512820513,3.38,4.572862439609003,73.87,1221.0,26701.0,0.55,500.0,0.9451125170854059,0.3135984149126798
004710,한솔테크닉스,2026-07-23,8730.0,8730.0,9116.0,9537.5,0.9153342070773264,0.9576568670469504,0.96,0.0,0.0,0.0,9050.0,1.15,100.0,0.956916531761591,0.3122384143073593
001210,금호전기,2026-07-23,894.0,894.0,894.0,1003.35,0.8910150994169532,1.0,2.24,0.0,0.0,0.0,400.0,0.0,0.0,0.9564060397667813,0.3107805727648011
034230,파라다이스,2026-07-23,10180.0,10180.0,9912.0,12218.5,0.8331628268609076,1.0270379338175948,0.52,5.519447547476389,9.37,1087.0,19694.0,1.47,150.0,0.9407143099897834,0.3082975876939542
002070,비비안,2026-07-23,7080.0,7080.0,9018.0,7479.5,0.9465873387258507,0.7850964737192282,0.13,0.0,0.0,0.0,54750.0,0.0,0.0,0.9533361113857585,0.30201360056536
009420,한올바이오파마,2026-07-23,49650.0,49650.0,49570.0,56302.5,0.8818436126282136,1.0016138793625176,15.59,0.0,0.0,0.0,3184.0,0.0,0.0,0.9531374142477668,0.30144616964558674
026940,부국철강,2026-07-23,2025.0,2025.0,1995.6,2359.4,0.8582690514537594,1.0147324113048708,0.3,1.5886896953796823,18.58,109.0,6861.0,3.95,80.0,0.9471627493174651,0.29656767838582015
001260,남광토건,2026-07-23,7560.0,7560.0,7540.0,8992.5,0.8407005838198499,1.0026525198938991,0.59,4.23675522716554,14.03,539.0,12722.0,0.0,0.0,0.9369821152168509,0.287802340099667
014910,성문전자,2026-07-23,1980.0,1980.0,1992.4,2354.85,0.8408178864895853,0.9937763501304958,0.97,4.689789936492428,20.63,96.0,2047.0,0.25,5.0,0.9346992559453379,0.284757382450216
093370,후성,2026-07-23,11290.0,11290.0,10996.0,13668.0,0.8260169739537606,1.0267369952710077,3.62,1.603592046183451,225.8,50.0,3118.0,0.0,0.0,0.9378449481137313,0.27007258061081396
092220,KEC,2026-07-23,2645.0,2645.0,2610.0,3128.75,0.8453855373551737,1.0134099616858236,0.33,0.0,0.0,0.0,8115.0,0.0,0.0,0.9417255615100959,0.2688566811370819
004540,깨끗한나라,2026-07-23,1264.0,1264.0,1418.2,1410.45,0.8961678896805984,0.8912706247355803,0.28,0.0,0.0,0.0,4539.0,0.0,0.0,0.9369602549505331,0.2552481193257533
069960,현대백화점,2026-07-23,139600.0,139600.0,142520.0,169130.0,0.8254005794359368,0.9795116474880718,0.66,4.5371594878868455,14.58,9572.0,210969.0,1.54,2150.0,0.9247731506166532,0.25524030169277223
003580,HLB글로벌,2026-07-23,1211.0,1211.0,1239.2,1415.1,0.8557699102536924,0.9772433828276307,0.83,0.0,0.0,0.0,1457.0,0.0,0.0,0.9366251619133829,0.25429117474063434
000890,보해양조,2026-07-23,1453.0,1453.0,1463.4,1773.15,0.8194456193779431,0.992893262265956,0.44,3.816793893129771,11.62,125.0,3275.0,0.0,0.0,0.9258603123210827,0.25282046861725427
004170,신세계,2026-07-23,544000.0,544000.0,554600.0,647200.0,0.8405438813349815,0.9808871258564731,1.07,0.3128972712996454,342.14,1590.0,508154.0,0.96,5200.0,0.9313011259465168,0.24148663485257377
023530,롯데쇼핑,2026-07-23,128200.0,128200.0,132060.0,156795.0,0.817628113141363,0.9707708617295169,0.24,0.33958196417633685,70.29,1824.0,537131.0,3.12,4000.0,0.9193610150765507,0.20759321466271677
093240,형지엘리트,2026-07-23,447.0,447.0,515.0,526.3,0.849325479764393,0.8679611650485437,0.22,0.0,0.0,0.0,2049.0,0.0,0.0,0.9121884413813968,0.18450581724703202
084680,이월드,2026-07-23,624.0,624.0,619.6,821.8,0.7593088342662448,1.0071013557133635,0.41,0.0,0.0,0.0,1515.0,0.0,0.0,0.9058427068327395,0.1663839357344165
002220,한일철강,2026-07-23,3430.0,3430.0,3842.0,4175.0,0.8215568862275449,0.8927641853201458,0.51,0.0,0.0,0.0,6789.0,0.87,30.0,0.9037543195753209,0.16042000734421885
071950,코아스,2026-07-23,1641.0,1641.0,1974.4,1968.7,0.8335449789200995,0.8311385737439222,0.56,0.0,0.0,0.0,2919.0,0.0,0.0,0.899841268897138,0.1492452819914391
214330,금호에이치티,2026-07-23,4950.0,4950.0,5132.0,6680.5,0.7409625028066762,0.9645362431800467,0.18,0.0,0.0,0.0,28000.0,0.0,0.0,0.8860041349507644,0.1097297775328683
025620,차AI헬스케어,2026-07-23,4445.0,4445.0,4675.0,6162.75,0.7212689140399984,0.9508021390374332,1.07,4.364600916325054,24.56,181.0,4147.0,0.0,0.0,0.8739172495090284,0.10868480432880326
036420,콘텐트리중앙,2026-07-23,1657.0,1657.0,1662.0,2410.75,0.6873379653634761,0.9969915764139591,0.22,0.0,0.0,0.0,7612.0,0.0,0.0,0.8739597493327682,0.07533392825994832
006490,프리티,2026-07-23,1007.0,1007.0,1079.6,1432.4,0.7030159173415247,0.9327528714338644,1.66,0.0,0.0,0.0,605.0,0.0,0.0,0.8611317563705112,0.038700286130074445
210980,SK디앤디,2026-07-23,5780.0,5780.0,5616.0,9492.5,0.6089017645509612,1.0292022792022792,0.19,1.2436349392871133,15.17,381.0,30636.0,3.46,200.0,0.8541713543530768,0.028360533926637718
051630,진양화학,2026-07-23,1197.0,1197.0,1450.2,1632.2,0.7333660090675163,0.8254033926354986,0.64,2.2423918846769886,28.5,42.0,1873.0,0.0,0.0,0.8506396584216374,0.025934360069328866
002020,코오롱,2026-07-23,26800.0,26800.0,28250.0,40592.5,0.6602204840795713,0.9486725663716814,0.2,0.0,0.0,0.0,132503.0,2.05,550.0,0.8475800872147685,0.0
088980,맥쿼리인프라,2026-07-23,10090.0,10090.0,10074.0,10162.0,0.9929147805550088,1.0015882469724042,,,,,,,,0.9974890631214468,
900140,엘브이엠씨,2026-07-23,1234.0,1234.0,1225.8,1234.3,0.9997569472575549,1.0066895088921521,,,,,,,,1.00125910758758,
950210,프레스티지바이오파마,2026-07-23,5260.0,5260.0,5178.0,5774.5,0.9109013767425751,1.0158362302047121,,,,,,,,0.9681821433527174,
